export_source;import_source
ERP-2.MB.IM-PM;ERP-2.MB.UD-PP
ERP-2.INT.DMS;ERP-2.MB.MM
ERP-2.MB.IM-PM;ERP-2.MB.FEB-CO
ERP-2.MB.OP-PP;ERP-2.MB.MM
ERP-2.MB.FEB-RISK;ERP-2.MB.FEB-TR
ERP-2.MB.FEB-RISK;ERP-2.MB.FEB-TR
ERP-2.MB.MM-IM;ERP-2.MB.MM
ERP-2.MB.OD-PA;ERP-2.MB.MM
ERP-2.MB.OD-PA;ERP-2.MB.MM
ERP-2.MB.OD-PA;ERP-2.MB.MM
ERP-2.MB.OD-PA;ERP-2.MB.MM
ERP-2.MB.OD-PA;ERP-2.MB.MM
ERP-2.MB.OD-PA;ERP-2.MB.MM
ERP-2.MB.OD-PA;ERP-2.MB.MM
ERP-2.INT.DMS;ERP-2.MB.FEB-TR
ERP-2.INT.DMS;ERP-2.MB.FEB-TR
ERP-2.MB.OP-PP;ERP-2.MB.FEB-CO
ERP-2.MB.OP-PP;ERP-2.MB.FEB-CO
ERP-2.MB.OP-PP;ERP-2.MB.FEB-CO
ERP-2.MB.OP-PP;ERP-2.MB.FEB-CO
ERP-2.MB.OP-PP;ERP-2.MB.FEB-CO
ERP-2.MB.FEB-FI;ERP-2.MB.FEB-BPC
ERP-2.MB.FEB-FI;ERP-2.MB.FEB-BPC
ERP-2.INT.DMS;ERP-2.MB.FEB-TR
ERP-2.INT.DMS;ERP-2.MB.FEB-TR
ERP-2.INT.DMS;ERP-2.MB.FEB-TR
ERP-2.MB.FEB-TR;ERP-2.MB.FEB-FI
ERP-2.MB.FEB-TR;ERP-2.MB.FEB-FI
ERP-2.MB.OD-PA;ERP-2.MB.FEB-FI
ERP-2.MB.MM-IM;ERP-2.MB.MM
ERP-2.INT.DMS;ERP-2.MB.MM
ERP-2.MB.FEB-FI;ERP-2.MB.FEB-TR
ERP-2.MB.FEB-FI;ERP-2.MB.FEB-TR
ERP-2.MB.FEB-FI;ERP-2.MB.FEB-TR
ERP-2.MB.FEB-FI;ERP-2.MB.FEB-TR
ERP-2.MB.FEB-FI;ERP-2.MB.FEB-TR
ERP-2.MB.SD;ERP-2.MB.FEB-TR
ERP-2.INT.DMS;ERP-2.MB.SD
ERP-2.MB.IM-PM;ERP-2.MB.FEB-CO
ERP-2.MB.IM-PM;ERP-2.MB.FEB-CO
ERP-2.MB.IM-PM;ERP-2.MB.FEB-CO
ERP-2.MB.IM-PM;ERP-2.MB.FEB-CO
ERP-2.MB.FEB-FI;ERP-2.MB.FEB-TR
ERP-2.MB.FEB-FI;ERP-2.INT.DMS
ERP-2.MB.SD;ERP-2.MB.UD-PP
ERP-2.MB.SD;ERP-2.MB.UD-PP
ERP-2.MB.OD-PA;ERP-2.MB.IM-PM
ERP-2.MB.SD;ERP-2.MB.FEB-FI
ERP-2.MB.SD;ERP-2.MB.FEB-FI
ERP-2.MB.OD-PA;ERP-2.MB.FEB-FI
ERP-2.MB.FEB-TR;ERP-2.INT.DMS
ERP-2.MB.OP-PP;ERP-2.MB.MM
ERP-2.MB.OP-PP;ERP-2.MB.FEB-FI
ERP-2.MB.FEB-TR;ERP-2.MB.FEB-FI
ERP-2.MB.FEB-BPC;ERP-2.INT.REFX
ERP-2.MB.FEB-BPC;ERP-2.INT.REFX
ERP-2.MB.FEB-BPC;ERP-2.INT.REFX
ERP-2.MB.FEB-FI;ERP-2.MB.FEB-TR
ERP-2.MB.FEB-FI;ERP-2.MB.FEB-TR
ERP-2.MB.FEB-FI;ERP-2.MB.FEB-TR
ERP-2.MB.OD-PA;ERP-2.MB.FEB-FI
ERP-2.MB.OP-PP;ERP-2.MB.MM
ERP-2.MB.MM;ERP-2.MB.FEB-TR
ERP-2.MB.MM;ERP-2.MB.FEB-TR
ERP-2.MB.MM;ERP-2.MB.FEB-TR
ERP-2.MB.MM;ERP-2.MB.FEB-TR
ERP-2.MB.MM;ERP-2.MB.FEB-TR
ERP-2.MB.MM;ERP-2.MB.FEB-TR
ERP-2.INT.DMS;ERP-2.MB.SD
ERP-2.INT.DMS;ERP-2.MB.SD
ERP-2.INT.DMS;ERP-2.MB.SD
ERP-2.MB.MM-IM;ERP-2.MB.MM
ERP-2.MB.OD-PA;ERP-2.MB.IM-PM
ERP-2.MB.MM-IM;ERP-2.MB.OD-PA
ERP-2.MB.FEB-FI;ERP-2.MB.SD
ERP-2.MB.SD;ERP-2.INT.DMS
ERP-2.INT.DMS;ERP-2.MB.SD
ERP-2.INT.DMS;ERP-2.MB.SD
ERP-2.INT.DMS;ERP-2.MB.SD
ERP-2.MB.MM-IM;ERP-2.MB.OD-PA
ERP-2.MB.FEB-FI;ERP-2.INT.REFX
ERP-2.MB.FEB-TR;ERP-2.MB.FEB-FI
ERP-2.MB.MM;ERP-2.MB.FEB-TR
ERP-2.MB.MM;ERP-2.MB.FEB-TR
ERP-2.MB.FEB-BPC;ERP-2.MB.FEB-TR
ERP-2.MB.FEB-BPC;ERP-2.MB.FEB-TR
ERP-2.MB.FEB-BPC;ERP-2.MB.FEB-TR
ERP-2.MB.FEB-BPC;ERP-2.MB.FEB-TR
ERP-2.MB.FEB-BPC;ERP-2.MB.FEB-TR
ERP-2.MB.FEB-BPC;ERP-2.MB.FEB-TR
ERP-2.MB.FEB-BPC;ERP-2.MB.FEB-TR
ERP-2.MB.FEB-BPC;ERP-2.MB.FEB-TR
ERP-2.MB.FEB-BPC;ERP-2.MB.FEB-TR
ERP-2.MB.FEB-BPC;ERP-2.MB.FEB-TR
ERP-2.MB.FEB-BPC;ERP-2.MB.FEB-TR
ERP-2.MB.FEB-BPC;ERP-2.MB.FEB-TR
ERP-2.MB.FEB-BPC;ERP-2.MB.FEB-TR
ERP-2.MB.FEB-BPC;ERP-2.MB.FEB-TR
ERP-2.MB.FEB-BPC;ERP-2.MB.FEB-TR
ERP-2.MB.FEB-BPC;ERP-2.MB.FEB-TR
ERP-2.MB.FEB-BPC;ERP-2.MB.FEB-TR
ERP-2.MB.FEB-BPC;ERP-2.MB.FEB-TR
ERP-2.MB.FEB-BPC;ERP-2.MB.FEB-TR
ERP-2.MB.FEB-BPC;ERP-2.MB.FEB-TR
ERP-2.MB.FEB-BPC;ERP-2.MB.FEB-TR
ERP-2.MB.FEB-BPC;ERP-2.MB.FEB-TR
ERP-2.MB.FEB-BPC;ERP-2.MB.FEB-TR
ERP-2.MB.FEB-BPC;ERP-2.MB.FEB-TR
ERP-2.MB.OD-PA;ERP-2.MB.FEB-FI
ERP-2.MB.FEB-CO;ERP-2.MB.FEB-FI
ERP-2.MB.FEB-CO;ERP-2.MB.FEB-FI
ERP-2.MB.FEB-FI;ERP-2.MB.FEB-TR
ERP-2.INT.DMS;ERP-2.MB.MM
ERP-2.MB.FEB-FI;ERP-2.MB.OD-PA
ERP-2.MB.FEB-RISK;ERP-2.MB.SD
ERP-2.MB.IM-PM;ERP-2.MB.MM
ERP-2.MB.FEB-TR;ERP-2.MB.FEB-BPC
ERP-2.MB.FEB-TR;ERP-2.MB.FEB-BPC
ERP-2.INT.DMS;ERP-2.INT.REFX
ERP-2.MB.MM-IM;ERP-2.MB.MM
ERP-2.MB.MM-IM;ERP-2.MB.MM
ERP-2.MB.MM-IM;ERP-2.MB.OD-PA
ERP-2.MB.FEB-BPC;ERP-2.MB.MM
ERP-2.MB.FEB-BPC;ERP-2.MB.MM
ERP-2.MB.FEB-BPC;ERP-2.MB.MM
ERP-2.MB.FEB-BPC;ERP-2.MB.MM
ERP-2.MB.FEB-BPC;ERP-2.MB.MM
ERP-2.MB.FEB-BPC;ERP-2.MB.MM
ERP-2.MB.FEB-BPC;ERP-2.MB.MM
ERP-2.MB.FEB-BPC;ERP-2.MB.MM
ERP-2.MB.FEB-BPC;ERP-2.MB.MM
ERP-2.MB.FEB-BPC;ERP-2.MB.MM
ERP-2.MB.FEB-BPC;ERP-2.MB.MM
ERP-2.MB.FEB-BPC;ERP-2.MB.MM
ERP-2.INT.DMS;ERP-2.MB.FEB-TR
ERP-2.INT.DMS;ERP-2.MB.FEB-TR
ERP-2.INT.DMS;ERP-2.MB.FEB-TR
ERP-2.INT.DMS;ERP-2.MB.FEB-TR
ERP-2.INT.DMS;ERP-2.MB.FEB-TR
ERP-2.INT.DMS;ERP-2.MB.FEB-TR
ERP-2.MB.OD-PA;ERP-2.MB.FEB-FI
ERP-2.MB.FEB-FI;ERP-2.MB.SD
ERP-2.MB.FEB-FI;ERP-2.MB.SD
ERP-2.MB.FEB-FI;ERP-2.MB.SD
ERP-2.MB.FEB-FI;ERP-2.MB.SD
ERP-2.MB.FEB-FI;ERP-2.MB.SD
ERP-2.MB.OD-PA;ERP-2.MB.FEB-FI
ERP-2.MB.OD-PA;ERP-2.MB.FEB-FI
ERP-2.MB.OD-PA;ERP-2.MB.FEB-FI
ERP-2.MB.OD-PA;ERP-2.MB.FEB-FI
ERP-2.MB.SD;ERP-2.MB.FEB-FI
ERP-2.MB.OD-PA;ERP-2.MB.FEB-FI
ERP-2.MB.OD-PA;ERP-2.MB.FEB-FI
ERP-2.MB.OD-PA;ERP-2.MB.FEB-FI
ERP-2.MB.OD-PA;ERP-2.MB.FEB-FI
ERP-2.MB.MM;ERP-2.MB.UD-PP
ERP-2.INT.DMS;ERP-2.MB.MM
ERP-2.INT.DMS;ERP-2.MB.MM
ERP-2.MB.MM;ERP-2.MB.FEB-BPC
ERP-2.MB.MM;ERP-2.MB.FEB-BPC
ERP-2.MB.MM;ERP-2.MB.FEB-BPC
ERP-2.MB.MM;ERP-2.MB.FEB-BPC
ERP-2.MB.SD;ERP-2.MB.FEB-FI
ERP-2.MB.FEB-TR;ERP-2.INT.DMS
ERP-2.MB.FEB-TR;ERP-2.INT.DMS
ERP-2.MB.OD-PP;ERP-2.MB.FEB-FI
ERP-2.MB.MM;ERP-2.MB.OD-PP
ERP-2.MB.SD;ERP-2.MB.FEB-FI
ERP-2.MB.FEB-TR;ERP-2.MB.FEB-FI
ERP-2.MB.FEB-TR;ERP-2.MB.FEB-FI
ERP-2.MB.FEB-TR;ERP-2.MB.FEB-FI
ERP-2.MB.OD-PA;ERP-2.MB.FEB-CO
ERP-2.MB.OD-PA;ERP-2.MB.FEB-CO
ERP-2.MB.OD-PA;ERP-2.MB.FEB-CO
ERP-2.MB.OD-PA;ERP-2.MB.FEB-CO
ERP-2.MB.OD-PA;ERP-2.MB.FEB-CO
ERP-2.MB.OD-PA;ERP-2.MB.FEB-CO
ERP-2.MB.OD-PA;ERP-2.MB.FEB-CO
ERP-2.MB.OD-PA;ERP-2.MB.FEB-CO
ERP-2.MB.OD-PA;ERP-2.MB.FEB-CO
ERP-2.MB.OD-PA;ERP-2.MB.FEB-CO
ERP-2.MB.MM;ERP-2.MB.FEB-TR
ERP-2.MB.MM;ERP-2.MB.FEB-TR
ERP-2.MB.MM;ERP-2.MB.FEB-BPC
ERP-2.MB.MM;ERP-2.MB.FEB-BPC
ERP-2.MB.MM;ERP-2.MB.FEB-BPC
ERP-2.MB.MM;ERP-2.MB.FEB-BPC
ERP-2.MB.FEB-FI;ERP-2.MB.FEB-TR
ERP-2.MB.MM-IM;ERP-2.MB.FEB-CO
ERP-2.MB.MM-IM;ERP-2.MB.FEB-CO
ERP-2.MB.MM-IM;ERP-2.MB.FEB-CO
ERP-2.MB.MM-IM;ERP-2.MB.FEB-CO
ERP-2.MB.MM-IM;ERP-2.MB.FEB-CO
ERP-2.MB.MM-IM;ERP-2.MB.FEB-CO
ERP-2.MB.MM-IM;ERP-2.MB.FEB-CO
ERP-2.MB.MM-IM;ERP-2.MB.FEB-CO
ERP-2.MB.MM-IM;ERP-2.MB.FEB-CO
ERP-2.MB.MM-IM;ERP-2.MB.FEB-CO
ERP-2.MB.MM-IM;ERP-2.MB.FEB-CO
ERP-2.MB.MM-IM;ERP-2.MB.FEB-CO
ERP-2.MB.MM-IM;ERP-2.MB.SD
ERP-2.MB.FEB-FI;ERP-2.MB.SD
ERP-2.MB.FEB-FI;ERP-2.MB.SD
ERP-2.MB.FEB-FI;ERP-2.MB.SD
ERP-2.MB.FEB-FI;ERP-2.MB.SD
ERP-2.MB.MM-IM;ERP-2.MB.FEB-FI
ERP-2.MB.MM-IM;ERP-2.MB.MM
ERP-2.MB.MM;ERP-2.INT.DMS
ERP-2.MB.MM;ERP-2.INT.DMS
ERP-2.MB.SD;ERP-2.MB.FEB-FI
ERP-2.MB.FEB-FI;ERP-2.INT.DMS
ERP-2.MB.FEB-TR;ERP-2.MB.FEB-RISK
ERP-2.INT.REFX;ERP-2.INT.DMS
ERP-2.MB.FEB-TR;ERP-2.INT.DMS
ERP-2.MB.OD-PA;ERP-2.MB.FEB-CO
ERP-2.MB.OD-PA;ERP-2.MB.FEB-CO
ERP-2.MB.OD-PA;ERP-2.MB.FEB-CO
ERP-2.MB.OD-PA;ERP-2.MB.FEB-CO
ERP-2.MB.OD-PA;ERP-2.MB.FEB-CO
ERP-2.MB.OD-PA;ERP-2.MB.FEB-CO
ERP-2.MB.FEB-FI;ERP-2.MB.FEB-TR
ERP-2.MB.FEB-FI;ERP-2.MB.FEB-TR
ERP-2.MB.FEB-FI;ERP-2.MB.FEB-TR
ERP-2.MB.FEB-FI;ERP-2.MB.FEB-TR
ERP-2.MB.FEB-FI;ERP-2.MB.FEB-TR
ERP-2.MB.FEB-FI;ERP-2.MB.FEB-TR
ERP-2.MB.FEB-FI;ERP-2.MB.FEB-TR
ERP-2.MB.FEB-FI;ERP-2.MB.FEB-TR
ERP-2.MB.FEB-FI;ERP-2.MB.FEB-TR
ERP-2.MB.FEB-FI;ERP-2.MB.FEB-TR
ERP-2.MB.FEB-FI;ERP-2.MB.FEB-TR
ERP-2.MB.FEB-FI;ERP-2.MB.FEB-TR
ERP-2.MB.MM-IM;ERP-2.MB.MM
ERP-2.MB.OD-PA;ERP-2.MB.FEB-FI
ERP-2.MB.SD;ERP-2.MB.FEB-FI
ERP-2.MB.FEB-TX;ERP-2.MB.FEB-FI
ERP-2.MB.OD-PA;ERP-2.MB.FEB-CO
ERP-2.MB.OD-PA;ERP-2.MB.FEB-CO
ERP-2.MB.OD-PA;ERP-2.MB.FEB-CO
ERP-2.MB.OD-PA;ERP-2.MB.FEB-CO
ERP-2.MB.OD-PA;ERP-2.MB.FEB-CO
ERP-2.MB.UD-PP;ERP-2.MB.MM
ERP-2.MB.MM-IM;ERP-2.MB.MM
ERP-2.MB.MM-IM;ERP-2.MB.MM
ERP-2.MB.MM-IM;ERP-2.MB.MM
ERP-2.MB.MM-IM;ERP-2.MB.MM
ERP-2.MB.FEB-FI;ERP-2.MB.IM-PM
ERP-2.MB.FEB-FI;ERP-2.MB.IM-PM
ERP-2.MB.MM-IM;ERP-2.MB.SD
ERP-2.MB.MM-IM;ERP-2.MB.SD
ERP-2.MB.MM-IM;ERP-2.MB.SD
ERP-2.MB.OD-PA;ERP-2.MB.FEB-FI
ERP-2.MB.OD-PA;ERP-2.MB.FEB-FI
ERP-2.MB.OD-PA;ERP-2.MB.FEB-FI
ERP-2.INT.DMS;ERP-2.MB.FEB-TR
ERP-2.MB.MM-IM;ERP-2.MB.FEB-FI
ERP-2.MB.MM-IM;ERP-2.MB.MM
ERP-2.MB.MM-IM;ERP-2.MB.MM
ERP-2.MB.MM;ERP-2.MB.FEB-TR
ERP-2.MB.MM;ERP-2.MB.FEB-TR
ERP-2.MB.FEB-FI;ERP-2.MB.IM-PM
ERP-2.MB.OD-PA;ERP-2.MB.FEB-CO
ERP-2.MB.OD-PA;ERP-2.MB.FEB-CO
ERP-2.MB.OD-PA;ERP-2.MB.FEB-CO
ERP-2.MB.OD-PA;ERP-2.MB.FEB-CO
ERP-2.MB.OD-PA;ERP-2.MB.FEB-CO
ERP-2.MB.OD-PA;ERP-2.MB.FEB-CO
ERP-2.MB.OD-PA;ERP-2.MB.FEB-CO
ERP-2.MB.OD-PA;ERP-2.MB.FEB-CO
ERP-2.MB.OD-PA;ERP-2.MB.FEB-CO
ERP-2.MB.OD-PA;ERP-2.MB.FEB-CO
ERP-2.MB.OD-PA;ERP-2.MB.FEB-CO
ERP-2.MB.OD-PA;ERP-2.MB.FEB-CO
ERP-2.MB.OD-PA;ERP-2.MB.SD
ERP-2.MB.OD-PA;ERP-2.MB.SD
ERP-2.MB.OD-PA;ERP-2.MB.FEB-CO
ERP-2.MB.OD-PA;ERP-2.MB.FEB-CO
ERP-2.MB.OD-PA;ERP-2.MB.FEB-CO
ERP-2.MB.OD-PA;ERP-2.MB.FEB-CO
ERP-2.MB.OD-PA;ERP-2.MB.FEB-CO
ERP-2.MB.MM-IM;ERP-2.MB.MM
ERP-2.MB.FEB-RISK;ERP-2.MB.FEB-TR
ERP-2.MB.FEB-CO;ERP-2.MB.FEB-BPC
ERP-2.MB.MM;ERP-2.INT.DMS
ERP-2.MB.FEB-BPC;ERP-2.MB.IM-PM
ERP-2.MB.FEB-RISK;ERP-2.INT.DMS
ERP-2.MB.FEB-CO;ERP-2.MB.FEB-FI
ERP-2.MB.FEB-CO;ERP-2.MB.FEB-FI
ERP-2.MB.FEB-CO;ERP-2.MB.FEB-FI
ERP-2.MB.FEB-CO;ERP-2.MB.FEB-FI
ERP-2.MB.FEB-CO;ERP-2.MB.FEB-FI
ERP-2.MB.FEB-CO;ERP-2.MB.FEB-FI
ERP-2.MB.FEB-CO;ERP-2.MB.FEB-FI
ERP-2.MB.FEB-CO;ERP-2.MB.FEB-FI
ERP-2.MB.FEB-TR;ERP-2.MB.FEB-BPC
ERP-2.MB.FEB-TR;ERP-2.MB.FEB-BPC
ERP-2.MB.OD-PA;ERP-2.MB.MM
ERP-2.MB.OD-PA;ERP-2.MB.MM
ERP-2.MB.OD-PA;ERP-2.MB.MM
ERP-2.MB.OD-PA;ERP-2.MB.MM
ERP-2.MB.OD-PA;ERP-2.MB.MM
ERP-2.MB.OP-PP;ERP-2.MB.FEB-FI
ERP-2.INT.DMS;ERP-2.MB.MM
ERP-2.MB.OD-PA;ERP-2.MB.FEB-CO
ERP-2.MB.OD-PA;ERP-2.MB.FEB-CO
ERP-2.MB.OD-PA;ERP-2.MB.FEB-CO
ERP-2.MB.OD-PA;ERP-2.MB.FEB-CO
ERP-2.MB.OD-PA;ERP-2.MB.FEB-CO
ERP-2.MB.OD-PA;ERP-2.MB.FEB-CO
ERP-2.INT.DMS;ERP-2.MB.FEB-TR
ERP-2.INT.DMS;ERP-2.MB.FEB-TR
ERP-2.MB.FEB-TR;ERP-2.MB.FEB-BPC
ERP-2.MB.FEB-TR;ERP-2.MB.FEB-BPC
ERP-2.MB.FEB-RISK;ERP-2.MB.SD
ERP-2.INT.DMS;ERP-2.MB.FEB-RISK
ERP-2.MB.FEB-FI;ERP-2.MB.FEB-TR
ERP-2.MB.FEB-TR;ERP-2.MB.FEB-FI
ERP-2.INT.DMS;ERP-2.MB.SD
ERP-2.MB.MM-IM;ERP-2.MB.MM
ERP-2.MB.MM-IM;ERP-2.MB.MM
ERP-2.MB.SD;ERP-2.MB.FEB-RISK
ERP-2.MB.MM-IM;ERP-2.MB.SD
ERP-2.MB.FEB-TR;ERP-2.INT.DMS
ERP-2.MB.OD-PA;ERP-2.MB.FEB-FI
ERP-2.MB.MM-SRM;ERP-2.INT.DMS
ERP-2.MB.FEB-FI;ERP-2.MB.IM-PM
ERP-2.MB.FEB-FI;ERP-2.MB.IM-PM
ERP-2.INT.DMS;ERP-2.MB.FEB-TR
ERP-2.INT.DMS;ERP-2.MB.FEB-TR
ERP-2.INT.DMS;ERP-2.MB.FEB-FI
ERP-2.INT.DMS;ERP-2.MB.FEB-FI
ERP-2.MB.OD-PA;ERP-2.MB.FEB-FI
ERP-2.MB.FEB-TR;ERP-2.MB.FEB-FI
ERP-2.INT.DMS;ERP-2.INT.REFX
ERP-2.INT.DMS;ERP-2.INT.REFX
ERP-2.MB.MM-IM;ERP-2.MB.MM
ERP-2.MB.FEB-TR;ERP-2.MB.FEB-FI
ERP-2.MB.FEB-TR;ERP-2.MB.FEB-FI
ERP-2.MB.MM;ERP-2.MB.UD-PP
ERP-2.MB.MM-IM;ERP-2.MB.MM
ERP-2.MB.FEB-TR;ERP-2.MB.MM-SRM
ERP-2.MB.FEB-TR;ERP-2.MB.MM-SRM
ERP-2.MB.FEB-CO;ERP-2.MB.FEB-FI
ERP-2.MB.FEB-CO;ERP-2.MB.FEB-FI
ERP-2.MB.FEB-CO;ERP-2.MB.FEB-FI
ERP-2.MB.FEB-CO;ERP-2.MB.FEB-FI
ERP-2.MB.FEB-CO;ERP-2.MB.FEB-FI
ERP-2.MB.FEB-CO;ERP-2.MB.FEB-FI
ERP-2.MB.FEB-CO;ERP-2.MB.FEB-FI
ERP-2.MB.FEB-CO;ERP-2.MB.FEB-FI
ERP-2.MB.FEB-CO;ERP-2.MB.FEB-FI
ERP-2.MB.FEB-CO;ERP-2.MB.FEB-FI
ERP-2.MB.FEB-CO;ERP-2.MB.FEB-FI
ERP-2.MB.FEB-CO;ERP-2.MB.FEB-FI
ERP-2.MB.FEB-CO;ERP-2.MB.FEB-FI
ERP-2.MB.FEB-CO;ERP-2.MB.FEB-FI
ERP-2.MB.FEB-CO;ERP-2.MB.FEB-FI
ERP-2.MB.FEB-CO;ERP-2.MB.FEB-FI
ERP-2.MB.FEB-CO;ERP-2.MB.FEB-FI
ERP-2.MB.FEB-CO;ERP-2.MB.FEB-FI
ERP-2.MB.FEB-CO;ERP-2.MB.FEB-FI
ERP-2.MB.FEB-CO;ERP-2.MB.FEB-FI
ERP-2.MB.FEB-CO;ERP-2.MB.FEB-FI
ERP-2.MB.FEB-CO;ERP-2.MB.FEB-FI
ERP-2.MB.FEB-CO;ERP-2.MB.FEB-FI
ERP-2.MB.FEB-CO;ERP-2.MB.FEB-FI
ERP-2.MB.FEB-CO;ERP-2.MB.FEB-FI
ERP-2.MB.FEB-CO;ERP-2.MB.FEB-FI
ERP-2.MB.FEB-CO;ERP-2.MB.FEB-FI
ERP-2.MB.FEB-CO;ERP-2.MB.FEB-FI
ERP-2.MB.FEB-CO;ERP-2.MB.FEB-FI
ERP-2.MB.FEB-CO;ERP-2.MB.FEB-FI
ERP-2.MB.FEB-CO;ERP-2.MB.FEB-FI
ERP-2.MB.FEB-CO;ERP-2.MB.FEB-FI
ERP-2.MB.FEB-CO;ERP-2.MB.FEB-FI
ERP-2.MB.FEB-CO;ERP-2.MB.FEB-FI
ERP-2.MB.FEB-CO;ERP-2.MB.FEB-FI
ERP-2.MB.FEB-CO;ERP-2.MB.FEB-FI
ERP-2.MB.FEB-CO;ERP-2.MB.FEB-FI
ERP-2.MB.FEB-CO;ERP-2.MB.FEB-FI
ERP-2.MB.FEB-CO;ERP-2.MB.FEB-FI
ERP-2.MB.FEB-CO;ERP-2.MB.FEB-FI
ERP-2.MB.FEB-CO;ERP-2.MB.FEB-FI
ERP-2.MB.FEB-CO;ERP-2.MB.FEB-FI
ERP-2.MB.FEB-CO;ERP-2.MB.FEB-FI
ERP-2.MB.FEB-CO;ERP-2.MB.FEB-FI
ERP-2.MB.FEB-CO;ERP-2.MB.FEB-FI
ERP-2.MB.FEB-CO;ERP-2.MB.FEB-FI
ERP-2.MB.FEB-CO;ERP-2.MB.FEB-FI
ERP-2.MB.FEB-CO;ERP-2.MB.FEB-FI
ERP-2.MB.FEB-CO;ERP-2.MB.FEB-FI
ERP-2.MB.FEB-CO;ERP-2.MB.FEB-FI
ERP-2.MB.FEB-CO;ERP-2.MB.FEB-FI
ERP-2.MB.FEB-CO;ERP-2.MB.FEB-FI
ERP-2.MB.FEB-CO;ERP-2.MB.FEB-FI
ERP-2.MB.FEB-CO;ERP-2.MB.FEB-FI
ERP-2.MB.FEB-CO;ERP-2.MB.FEB-FI
ERP-2.MB.FEB-CO;ERP-2.MB.FEB-FI
ERP-2.MB.MM-IM;ERP-2.MB.MM
ERP-2.MB.MM-IM;ERP-2.MB.MM
ERP-2.MB.MM-IM;ERP-2.MB.MM
ERP-2.MB.MM-IM;ERP-2.MB.MM
ERP-2.MB.MM-IM;ERP-2.MB.MM
ERP-2.MB.MM-IM;ERP-2.MB.MM
ERP-2.MB.MM-IM;ERP-2.MB.MM
ERP-2.MB.OD-PA;ERP-2.MB.IM-PM
ERP-2.MB.OD-PA;ERP-2.MB.IM-PM
ERP-2.MB.FEB-TR;ERP-2.INT.DMS
ERP-2.MB.SD;ERP-2.MB.FEB-FI
ERP-2.MB.SD;ERP-2.MB.FEB-FI
ERP-2.MB.MM;ERP-2.INT.DMS
ERP-2.MB.OP-PP;ERP-2.MB.MM
ERP-2.MB.SD;ERP-2.MB.FEB-FI
ERP-2.MB.SD;ERP-2.MB.UD-PP
ERP-2.MB.MM;ERP-2.MB.FEB-BPC
ERP-2.MB.MM;ERP-2.MB.FEB-BPC
ERP-2.MB.FEB-CO;ERP-2.MB.IM-PM
ERP-2.MB.FEB-CO;ERP-2.MB.IM-PM
ERP-2.MB.FEB-CO;ERP-2.MB.IM-PM
ERP-2.MB.IM-PM;ERP-2.MB.MM
ERP-2.INT.DMS;ERP-2.MB.SD
ERP-2.MB.MM-IM;ERP-2.MB.MM
ERP-2.MB.OD-PA;ERP-2.MB.FEB-FI
ERP-2.MB.FEB-TR;ERP-2.MB.FEB-BPC
ERP-2.INT.DMS;ERP-2.MB.FEB-TR
ERP-2.INT.DMS;ERP-2.MB.FEB-TR
ERP-2.INT.DMS;ERP-2.MB.FEB-TR
ERP-2.MB.FEB-TR;ERP-2.MB.FEB-BPC
ERP-2.MB.FEB-TR;ERP-2.MB.FEB-BPC
ERP-2.MB.IM-PM;ERP-2.MB.FEB-FI
ERP-2.MB.MM-IM;ERP-2.MB.MM
ERP-2.MB.FEB-FI;ERP-2.MB.OD-PA
ERP-2.MB.FEB-FI;ERP-2.MB.OD-PA
ERP-2.INT.DMS;ERP-2.MB.MM-SRM
ERP-2.INT.DMS;ERP-2.MB.MM-SRM
ERP-2.INT.DMS;ERP-2.MB.MM-SRM
ERP-2.MB.FEB-FI;ERP-2.MB.FEB-TR
ERP-2.MB.FEB-FI;ERP-2.MB.FEB-TR
ERP-2.MB.FEB-FI;ERP-2.MB.SD
ERP-2.MB.IM-PM;ERP-2.MB.FEB-FI
ERP-2.INT.DMS;ERP-2.INT.REFX
ERP-2.MB.MM;ERP-2.MB.OD-PP
ERP-2.INT.DMS;ERP-2.MB.MM
ERP-2.MB.SD;ERP-2.MB.FEB-BPC
ERP-2.MB.OD-PP;ERP-2.MB.FEB-CO
ERP-2.MB.SD;ERP-2.MB.FEB-FI
ERP-2.MB.OD-PA;ERP-2.MB.UD-PP
ERP-2.MB.MM-SRM;ERP-2.MB.MM
ERP-2.MB.FEB-CO;ERP-2.MB.IM-PM
ERP-2.MB.FEB-RISK;ERP-2.INT.DMS
ERP-2.MB.MM;ERP-2.MB.OD-PA
ERP-2.MB.MM;ERP-2.MB.FEB-BPC
ERP-2.MB.MM;ERP-2.MB.FEB-BPC
ERP-2.MB.MM;ERP-2.MB.FEB-BPC
ERP-2.MB.MM;ERP-2.MB.FEB-BPC
ERP-2.MB.FEB-TR;ERP-2.MB.FEB-FI
ERP-2.MB.SD;ERP-2.MB.FEB-FI
ERP-2.MB.FEB-FI;ERP-2.MB.FEB-TR
ERP-2.MB.SD;ERP-2.MB.FEB-FI
ERP-2.MB.MM;ERP-2.MB.OD-PP
ERP-2.MB.OD-PP;ERP-2.MB.MM
ERP-2.MB.MM;ERP-2.MB.FEB-FI
ERP-2.MB.OD-PA;ERP-2.MB.FEB-FI
ERP-2.MB.FEB-FI;ERP-2.MB.FEB-TR
ERP-2.MB.FEB-FI;ERP-2.MB.FEB-TR
ERP-2.INT.REFX;ERP-2.INT.DMS
ERP-2.MB.OP-PP;ERP-2.MB.FEB-FI
ERP-2.MB.OP-PP;ERP-2.MB.FEB-FI
ERP-2.MB.FEB-FI;ERP-2.MB.IM-PM
ERP-2.MB.OD-PA;ERP-2.MB.FEB-TR
ERP-2.MB.SD;ERP-2.INT.DMS
ERP-2.MB.MM-IM;ERP-2.MB.FEB-FI
ERP-2.MB.FEB-FI;ERP-2.MB.FEB-TR
ERP-2.MB.FEB-FI;ERP-2.MB.FEB-TR
ERP-2.MB.FEB-FI;ERP-2.MB.FEB-TR
ERP-2.MB.FEB-FI;ERP-2.MB.FEB-TR
ERP-2.MB.FEB-FI;ERP-2.MB.MM
ERP-2.MB.FEB-FI;ERP-2.MB.FEB-TX
ERP-2.MB.MM-IM;ERP-2.MB.MM
ERP-2.MB.FEB-CO;ERP-2.MB.IM-PM
ERP-2.MB.FEB-CO;ERP-2.MB.IM-PM
ERP-2.MB.MM;ERP-2.MB.FEB-FI
ERP-2.INT.DMS;ERP-2.MB.SD
ERP-2.INT.DMS;ERP-2.MB.SD
ERP-2.MB.MM-IM;ERP-2.MB.FEB-FI
ERP-2.MB.SD;ERP-2.MB.FEB-FI
ERP-2.INT.DMS;ERP-2.MB.FEB-TR
ERP-2.MB.OP-PP;ERP-2.MB.FEB-FI
ERP-2.MB.FEB-FI;ERP-2.MB.OD-PA
ERP-2.MB.FEB-TR;ERP-2.MB.FEB-FI
ERP-2.MB.MM-IM;ERP-2.MB.SD
ERP-2.MB.FEB-TR;ERP-2.MB.FEB-BPC
ERP-2.MB.MM;ERP-2.MB.IM-PM
ERP-2.MB.MM;ERP-2.MB.IM-PM
ERP-2.MB.MM-IM;ERP-2.MB.MM
ERP-2.MB.MM;ERP-2.INT.DMS
ERP-2.MB.MM;ERP-2.INT.DMS
ERP-2.MB.MM;ERP-2.INT.DMS
ERP-2.MB.OD-PA;ERP-2.MB.FEB-FI
ERP-2.MB.OD-PA;ERP-2.MB.MM
ERP-2.INT.DMS;ERP-2.MB.SD
ERP-2.INT.DMS;ERP-2.MB.SD
ERP-2.INT.DMS;ERP-2.MB.SD
ERP-2.MB.MM;ERP-2.MB.OD-PP
ERP-2.MB.OD-PA;ERP-2.MB.FEB-FI
ERP-2.MB.SD;ERP-2.MB.FEB-FI
ERP-2.MB.MM-IM;ERP-2.MB.MM
ERP-2.MB.MM-IM;ERP-2.MB.MM
ERP-2.MB.MM-IM;ERP-2.MB.MM
ERP-2.MB.FEB-TR;ERP-2.MB.FEB-FI
ERP-2.MB.FEB-TR;ERP-2.MB.FEB-FI
ERP-2.MB.SD;ERP-2.MB.FEB-TR
ERP-2.MB.SD;ERP-2.MB.FEB-TR
ERP-2.MB.SD;ERP-2.MB.FEB-TR
ERP-2.MB.SD;ERP-2.MB.FEB-TR
ERP-2.MB.OD-PA;ERP-2.MB.FEB-FI
ERP-2.MB.FEB-TR;ERP-2.MB.FEB-FI
ERP-2.MB.FEB-TR;ERP-2.MB.FEB-FI
ERP-2.MB.MM-IM;ERP-2.MB.MM
ERP-2.MB.MM;ERP-2.INT.DMS
ERP-2.MB.MM-IM;ERP-2.MB.MM
ERP-2.MB.MM-IM;ERP-2.MB.IM-PM
ERP-2.MB.LE-TR;ERP-2.MB.SD
ERP-2.MB.FEB-TR;ERP-2.MB.FEB-FI
ERP-2.MB.FEB-TR;ERP-2.MB.FEB-FI
ERP-2.INT.DMS;ERP-2.MB.FEB-TR
ERP-2.MB.MM-IM;ERP-2.MB.OD-PP
ERP-2.MB.CG;ERP-2.MB.FEB-TR
ERP-2.MB.MM-IM;ERP-2.MB.OP-PP
ERP-2.MB.OD-PA;ERP-2.MB.OP-PP
ERP-2.MB.FEB-FI;ERP-2.MB.SD
ERP-2.MB.FEB-FI;ERP-2.MB.FEB-TR
ERP-2.INT.REFX;ERP-2.MB.FEB-TR
ERP-2.INT.REFX;ERP-2.MB.FEB-TR
ERP-2.MB.MM;ERP-2.INT.DMS
ERP-2.MB.FEB-CO;ERP-2.MB.IM-PM
ERP-2.MB.MM-IM;ERP-2.MB.FEB-FI
ERP-2.MB.MM-IM;ERP-2.MB.FEB-FI
ERP-2.MB.SD;ERP-2.MB.FEB-FI
ERP-2.MB.MM;ERP-2.MB.FEB-TR
ERP-2.MB.MM;ERP-2.MB.FEB-TR
ERP-2.MB.MM;ERP-2.MB.FEB-TR
ERP-2.MB.MM;ERP-2.MB.FEB-TR
ERP-2.MB.OD-PA;ERP-2.MB.FEB-CO
ERP-2.MB.OD-PA;ERP-2.MB.FEB-CO
ERP-2.MB.OD-PA;ERP-2.MB.FEB-CO
ERP-2.MB.OD-PA;ERP-2.MB.FEB-CO
ERP-2.MB.OD-PA;ERP-2.MB.FEB-CO
ERP-2.MB.OD-PA;ERP-2.MB.FEB-CO
ERP-2.MB.MM;ERP-2.INT.DMS
ERP-2.INT.DMS;ERP-2.MB.FEB-TR
ERP-2.INT.DMS;ERP-2.MB.FEB-TR
ERP-2.INT.DMS;ERP-2.MB.FEB-TR
ERP-2.INT.DMS;ERP-2.MB.FEB-TR
ERP-2.INT.DMS;ERP-2.MB.FEB-TR
ERP-2.INT.DMS;ERP-2.MB.FEB-TR
ERP-2.MB.OD-PA;ERP-2.MB.FEB-FI
ERP-2.INT.DMS;ERP-2.INT.REFX
ERP-2.MB.MM-IM;ERP-2.MB.MM
ERP-2.INT.DMS;ERP-2.MB.SD
ERP-2.MB.MM;ERP-2.MB.OD-PP
ERP-2.MB.MM;ERP-2.MB.OD-PP
ERP-2.MB.MM-SRM;ERP-2.MB.FEB-TR
ERP-2.MB.FEB-FI;ERP-2.MB.FEB-BPC
ERP-2.MB.SD;ERP-2.MB.FEB-FI
ERP-2.MB.FEB-RISK;ERP-2.MB.FEB-TR
ERP-2.MB.FEB-RISK;ERP-2.MB.FEB-TR
ERP-2.MB.FEB-RISK;ERP-2.MB.FEB-TR
ERP-2.MB.MM-IM;ERP-2.MB.OD-PA
ERP-2.MB.MM-IM;ERP-2.MB.OD-PA
ERP-2.MB.FEB-FI;ERP-2.INT.DMS
ERP-2.MB.MM;ERP-2.MB.FEB-FI
ERP-2.MB.SD;ERP-2.MB.FEB-FI
ERP-2.MB.FEB-TR;ERP-2.MB.FEB-FI
ERP-2.MB.FEB-TR;ERP-2.MB.FEB-FI
ERP-2.MB.FEB-FI;ERP-2.INT.DMS
ERP-2.MB.FEB-TR;ERP-2.MB.FEB-FI
ERP-2.MB.OD-PA;ERP-2.MB.FEB-CO
ERP-2.MB.OD-PA;ERP-2.MB.FEB-CO
ERP-2.MB.OD-PA;ERP-2.MB.FEB-CO
ERP-2.MB.OD-PA;ERP-2.MB.FEB-CO
ERP-2.MB.OD-PA;ERP-2.MB.FEB-CO
ERP-2.MB.FEB-BPC;ERP-2.INT.REFX
ERP-2.MB.FEB-BPC;ERP-2.INT.REFX
ERP-2.MB.FEB-BPC;ERP-2.INT.REFX
ERP-2.MB.MM;ERP-2.MB.OD-PP
ERP-2.MB.SD;ERP-2.MB.FEB-TR
ERP-2.MB.FEB-FI;ERP-2.MB.OD-PA
ERP-2.MB.OP-PP;ERP-2.MB.FEB-FI
ERP-2.INT.DMS;ERP-2.MB.MM
ERP-2.MB.FEB-TR;ERP-2.MB.CG
ERP-2.MB.SD;ERP-2.MB.FEB-FI
ERP-2.MB.MM-IM;ERP-2.MB.MM
ERP-2.MB.MM-IM;ERP-2.MB.MM
ERP-2.MB.SD;ERP-2.MB.FEB-FI
ERP-2.MB.SD;ERP-2.MB.FEB-FI
ERP-2.MB.OD-PP;ERP-2.MB.FEB-CO
ERP-2.MB.OD-PP;ERP-2.MB.FEB-CO
ERP-2.MB.FEB-TR;ERP-2.INT.DMS
ERP-2.MB.FEB-TR;ERP-2.MB.FEB-RISK
ERP-2.MB.MM-IM;ERP-2.MB.MM
ERP-2.INT.DMS;ERP-2.MB.SD
ERP-2.INT.DMS;ERP-2.MB.FEB-TR
ERP-2.INT.DMS;ERP-2.MB.FEB-TR
ERP-2.INT.DMS;ERP-2.MB.FEB-TR
ERP-2.MB.FEB-FI;ERP-2.MB.FEB-TR
ERP-2.INT.DMS;ERP-2.MB.FEB-FI
ERP-2.MB.FEB-TR;ERP-2.INT.DMS
ERP-2.MB.OD-PP;ERP-2.MB.FEB-FI
ERP-2.MB.OD-PP;ERP-2.MB.FEB-FI
ERP-2.MB.OD-PP;ERP-2.MB.FEB-FI
ERP-2.MB.OD-PP;ERP-2.MB.FEB-FI
ERP-2.MB.FEB-FI;ERP-2.MB.FEB-TR
ERP-2.MB.FEB-FI;ERP-2.MB.FEB-TR
ERP-2.MB.FEB-FI;ERP-2.MB.FEB-TR
ERP-2.MB.FEB-FI;ERP-2.MB.FEB-TR
ERP-2.MB.FEB-FI;ERP-2.MB.FEB-TR
ERP-2.MB.FEB-FI;ERP-2.MB.FEB-TR
ERP-2.MB.MM-IM;ERP-2.MB.FEB-FI
ERP-2.MB.OD-PA;ERP-2.MB.FEB-CO
ERP-2.MB.OD-PA;ERP-2.MB.FEB-CO
ERP-2.MB.OD-PA;ERP-2.MB.FEB-CO
ERP-2.MB.OD-PA;ERP-2.MB.FEB-CO
ERP-2.MB.OD-PA;ERP-2.MB.FEB-CO
ERP-2.INT.DMS;ERP-2.MB.FEB-TR
ERP-2.INT.DMS;ERP-2.MB.FEB-TR
ERP-2.INT.DMS;ERP-2.MB.FEB-TR
ERP-2.MB.FEB-FI;ERP-2.MB.FEB-TR
ERP-2.MB.FEB-FI;ERP-2.MB.FEB-BPC
ERP-2.MB.FEB-TR;ERP-2.MB.FEB-FI
ERP-2.MB.FEB-CO;ERP-2.MB.FEB-FI
ERP-2.MB.FEB-CO;ERP-2.MB.FEB-FI
ERP-2.MB.FEB-CO;ERP-2.MB.FEB-FI
ERP-2.MB.FEB-FI;ERP-2.MB.SD
ERP-2.MB.OD-PA;ERP-2.MB.FEB-CO
ERP-2.MB.OD-PA;ERP-2.MB.FEB-CO
ERP-2.MB.OD-PA;ERP-2.MB.FEB-CO
ERP-2.MB.OD-PA;ERP-2.MB.FEB-CO
ERP-2.MB.OD-PA;ERP-2.MB.FEB-CO
ERP-2.MB.FEB-FI;ERP-2.MB.FEB-CO
ERP-2.INT.DMS;ERP-2.MB.MM
ERP-2.INT.DMS;ERP-2.MB.MM
ERP-2.INT.DMS;ERP-2.MB.MM
ERP-2.MB.IM-PM;ERP-2.MB.FEB-FI
ERP-2.MB.IM-PM;ERP-2.MB.FEB-FI
ERP-2.MB.MM;ERP-2.MB.UD-PP
ERP-2.MB.OD-PA;ERP-2.MB.FEB-FI
ERP-2.MB.OD-PA;ERP-2.MB.FEB-FI
ERP-2.MB.MM;ERP-2.INT.DMS
ERP-2.MB.FEB-FI;ERP-2.MB.SD
ERP-2.MB.FEB-FI;ERP-2.MB.SD
ERP-2.MB.OD-PA;ERP-2.MB.FEB-FI
ERP-2.INT.DMS;ERP-2.MB.MM
ERP-2.INT.DMS;ERP-2.MB.MM
ERP-2.INT.DMS;ERP-2.MB.MM
ERP-2.INT.DMS;ERP-2.MB.MM
ERP-2.INT.DMS;ERP-2.MB.MM
ERP-2.INT.DMS;ERP-2.MB.MM
ERP-2.MB.FEB-TR;ERP-2.MB.FEB-RISK
ERP-2.INT.REFX;ERP-2.INT.DMS
ERP-2.INT.DMS;ERP-2.MB.MM
ERP-2.INT.DMS;ERP-2.MB.MM
ERP-2.INT.DMS;ERP-2.MB.MM
ERP-2.MB.FEB-FI;ERP-2.MB.SD
ERP-2.MB.FEB-FI;ERP-2.MB.SD
ERP-2.MB.OD-PA;ERP-2.MB.FEB-CO
ERP-2.MB.OD-PA;ERP-2.MB.FEB-CO
ERP-2.MB.OD-PA;ERP-2.MB.FEB-CO
ERP-2.MB.OD-PA;ERP-2.MB.FEB-CO
ERP-2.MB.OD-PA;ERP-2.MB.FEB-CO
ERP-2.MB.OD-PA;ERP-2.MB.FEB-CO
ERP-2.INT.REFX;ERP-2.MB.FEB-TR
ERP-2.MB.SD;ERP-2.MB.FEB-TR
ERP-2.MB.SD;ERP-2.MB.FEB-TR
ERP-2.MB.MM;ERP-2.MB.OD-PP
ERP-2.MB.OD-PP;ERP-2.MB.FEB-FI
ERP-2.MB.SD;ERP-2.MB.FEB-FI
ERP-2.MB.SD;ERP-2.MB.FEB-FI
ERP-2.MB.MM;ERP-2.INT.DMS
ERP-2.MB.MM;ERP-2.MB.SD
ERP-2.MB.MM;ERP-2.MB.SD
ERP-2.MB.FEB-FI;ERP-2.INT.DMS
ERP-2.MB.MM-IM;ERP-2.INT.DMS
ERP-2.INT.DMS;ERP-2.INT.REFX
ERP-2.INT.DMS;ERP-2.INT.REFX
ERP-2.MB.OD-PA;ERP-2.MB.MM
ERP-2.INT.DMS;ERP-2.MB.FEB-RISK
ERP-2.MB.MM;ERP-2.INT.DMS
ERP-2.MB.FEB-RISK;ERP-2.INT.DMS
ERP-2.INT.DMS;ERP-2.MB.MM
ERP-2.MB.SD;ERP-2.MB.MM
ERP-2.MB.FEB-FI;ERP-2.MB.FEB-BPC
ERP-2.MB.FEB-FI;ERP-2.MB.FEB-TR
ERP-2.MB.FEB-FI;ERP-2.MB.FEB-BPC
ERP-2.MB.FEB-FI;ERP-2.MB.FEB-BPC
ERP-2.MB.MM;ERP-2.MB.FEB-FI
ERP-2.INT.DMS;ERP-2.MB.FEB-FI
ERP-2.MB.SD;ERP-2.MB.FEB-FI
ERP-2.MB.IM-PM;ERP-2.MB.UD-PP
ERP-2.MB.MM;ERP-2.MB.UD-PP
ERP-2.MB.MM;ERP-2.MB.UD-PP
ERP-2.MB.MM;ERP-2.MB.UD-PP
ERP-2.MB.MM;ERP-2.MB.UD-PP
ERP-2.MB.FEB-TR;ERP-2.INT.DMS
ERP-2.MB.MM;ERP-2.MB.FEB-FI
ERP-2.MB.IM-PM;ERP-2.MB.OD-PA
ERP-2.MB.FEB-TR;ERP-2.MB.FEB-FI
ERP-2.MB.FEB-TR;ERP-2.MB.FEB-FI
ERP-2.MB.FEB-TR;ERP-2.MB.FEB-FI
ERP-2.MB.FEB-FI;ERP-2.MB.FEB-TR
ERP-2.MB.MM-IM;ERP-2.MB.MM
ERP-2.MB.FEB-TR;ERP-2.MB.FEB-BPC
ERP-2.MB.FEB-FI;ERP-2.MB.FEB-TR
ERP-2.MB.FEB-FI;ERP-2.MB.FEB-TR
ERP-2.MB.SD;ERP-2.MB.MM
ERP-2.MB.OD-PA;ERP-2.MB.FEB-CO
ERP-2.MB.OD-PA;ERP-2.MB.FEB-CO
ERP-2.MB.OD-PA;ERP-2.MB.FEB-CO
ERP-2.MB.OD-PA;ERP-2.MB.FEB-CO
ERP-2.MB.OD-PA;ERP-2.MB.FEB-CO
ERP-2.MB.OD-PA;ERP-2.MB.FEB-CO
ERP-2.MB.FEB-TR;ERP-2.MB.FEB-FI
ERP-2.MB.FEB-CO;ERP-2.MB.FEB-FI
ERP-2.MB.FEB-CO;ERP-2.MB.FEB-FI
ERP-2.MB.OD-PA;ERP-2.MB.FEB-CO
ERP-2.MB.OD-PA;ERP-2.MB.FEB-CO
ERP-2.MB.OD-PA;ERP-2.MB.FEB-CO
ERP-2.MB.OD-PA;ERP-2.MB.FEB-CO
ERP-2.MB.OD-PA;ERP-2.MB.FEB-CO
ERP-2.MB.OD-PA;ERP-2.MB.FEB-CO
ERP-2.MB.SD;ERP-2.MB.FEB-TR
ERP-2.MB.MM-IM;ERP-2.MB.MM
ERP-2.MB.FEB-CO;ERP-2.MB.SD
ERP-2.MB.FEB-CO;ERP-2.MB.SD
ERP-2.MB.UD-PP;ERP-2.MB.FEB-CO
ERP-2.MB.UD-PP;ERP-2.MB.FEB-CO
ERP-2.MB.FEB-TR;ERP-2.MB.FEB-FI
ERP-2.MB.OD-PA;ERP-2.MB.FEB-FI
ERP-2.MB.IM-PM;ERP-2.MB.UD-PP
ERP-2.MB.IM-PM;ERP-2.MB.UD-PP
ERP-2.MB.IM-PM;ERP-2.MB.UD-PP
ERP-2.MB.IM-PM;ERP-2.MB.MM
ERP-2.MB.MM-IM;ERP-2.MB.MM
ERP-2.MB.FEB-RISK;ERP-2.MB.FEB-TR
ERP-2.MB.MM;ERP-2.MB.IM-PM
ERP-2.MB.MM;ERP-2.MB.IM-PM
ERP-2.MB.MM-IM;ERP-2.MB.SD
ERP-2.MB.MM-IM;ERP-2.MB.SD
ERP-2.MB.MM-IM;ERP-2.MB.SD
ERP-2.MB.SD;ERP-2.MB.FEB-RISK
ERP-2.MB.SD;ERP-2.MB.UD-PP
ERP-2.MB.SD;ERP-2.MB.FEB-TR
ERP-2.MB.SD;ERP-2.MB.FEB-TR
ERP-2.MB.SD;ERP-2.MB.FEB-FI
ERP-2.MB.MM;ERP-2.MB.OP-PP
ERP-2.MB.MM;ERP-2.MB.OP-PP
ERP-2.MB.MM-IM;ERP-2.MB.FEB-FI
ERP-2.MB.FEB-FI;ERP-2.INT.DMS
ERP-2.MB.FEB-TR;ERP-2.MB.FEB-RISK
ERP-2.MB.FEB-TR;ERP-2.MB.FEB-BPC
ERP-2.INT.DMS;ERP-2.MB.FEB-TR
ERP-2.INT.DMS;ERP-2.MB.FEB-TR
ERP-2.MB.IM-PM;ERP-2.MB.MM
ERP-2.MB.OD-PA;ERP-2.MB.MM
ERP-2.MB.FEB-BPC;ERP-2.MB.FEB-TR
ERP-2.MB.MM-IM;ERP-2.MB.MM
ERP-2.MB.OD-PA;ERP-2.MB.FEB-FI
ERP-2.MB.SD;ERP-2.MB.FEB-TR
ERP-2.MB.SD;ERP-2.MB.FEB-TR
ERP-2.INT.DMS;ERP-2.MB.MM
ERP-2.INT.DMS;ERP-2.MB.MM
ERP-2.MB.IM-PM;ERP-2.MB.OD-PA
ERP-2.MB.IM-PM;ERP-2.MB.OD-PA
ERP-2.MB.IM-PM;ERP-2.MB.OD-PA
ERP-2.MB.IM-PM;ERP-2.MB.OD-PA
ERP-2.MB.OD-PA;ERP-2.MB.FEB-FI
ERP-2.MB.MM-IM;ERP-2.MB.MM
ERP-2.MB.MM-IM;ERP-2.MB.MM
ERP-2.MB.MM-IM;ERP-2.MB.MM
ERP-2.MB.OD-PA;ERP-2.MB.FEB-CO
ERP-2.MB.OD-PA;ERP-2.MB.FEB-CO
ERP-2.MB.OD-PA;ERP-2.MB.FEB-CO
ERP-2.MB.OD-PA;ERP-2.MB.FEB-CO
ERP-2.MB.OD-PA;ERP-2.MB.FEB-CO
ERP-2.MB.OD-PA;ERP-2.MB.FEB-CO
ERP-2.MB.FEB-BPC;ERP-2.MB.FEB-TR
ERP-2.MB.FEB-BPC;ERP-2.MB.FEB-TR
ERP-2.MB.FEB-BPC;ERP-2.MB.FEB-TR
ERP-2.MB.FEB-BPC;ERP-2.MB.FEB-TR
ERP-2.MB.FEB-BPC;ERP-2.MB.FEB-TR
ERP-2.MB.FEB-BPC;ERP-2.MB.FEB-TR
ERP-2.MB.FEB-BPC;ERP-2.MB.FEB-TR
ERP-2.MB.FEB-BPC;ERP-2.MB.FEB-TR
ERP-2.MB.FEB-BPC;ERP-2.MB.FEB-TR
ERP-2.MB.FEB-BPC;ERP-2.MB.FEB-TR
ERP-2.MB.FEB-BPC;ERP-2.MB.FEB-TR
ERP-2.MB.FEB-BPC;ERP-2.MB.FEB-TR
ERP-2.MB.FEB-BPC;ERP-2.MB.FEB-TR
ERP-2.MB.FEB-BPC;ERP-2.MB.FEB-TR
ERP-2.MB.FEB-BPC;ERP-2.MB.FEB-TR
ERP-2.MB.FEB-BPC;ERP-2.MB.FEB-TR
ERP-2.MB.FEB-BPC;ERP-2.MB.FEB-TR
ERP-2.MB.FEB-BPC;ERP-2.MB.FEB-TR
ERP-2.MB.FEB-BPC;ERP-2.MB.FEB-TR
ERP-2.MB.FEB-BPC;ERP-2.MB.FEB-TR
ERP-2.MB.FEB-BPC;ERP-2.MB.FEB-TR
ERP-2.MB.FEB-BPC;ERP-2.MB.FEB-TR
ERP-2.MB.FEB-BPC;ERP-2.MB.FEB-TR
ERP-2.MB.FEB-BPC;ERP-2.MB.FEB-TR
ERP-2.MB.FEB-BPC;ERP-2.MB.FEB-TR
ERP-2.MB.FEB-BPC;ERP-2.MB.FEB-TR
ERP-2.MB.FEB-BPC;ERP-2.MB.FEB-TR
ERP-2.MB.FEB-BPC;ERP-2.MB.FEB-TR
ERP-2.INT.REFX;ERP-2.INT.DMS
ERP-2.INT.REFX;ERP-2.MB.FEB-BPC
ERP-2.INT.REFX;ERP-2.MB.FEB-BPC
ERP-2.MB.MM;ERP-2.MB.SD
ERP-2.MB.MM;ERP-2.MB.SD
ERP-2.MB.MM-IM;ERP-2.MB.MM
ERP-2.MB.MM-IM;ERP-2.MB.MM
ERP-2.MB.MM-IM;ERP-2.MB.MM
ERP-2.MB.FEB-RISK;ERP-2.MB.SD
ERP-2.MB.FEB-CO;ERP-2.MB.FEB-FI
ERP-2.MB.OP-PP;ERP-2.MB.FEB-FI
ERP-2.INT.DMS;ERP-2.MB.MM
ERP-2.MB.SD;ERP-2.MB.FEB-FI
ERP-2.MB.OD-PA;ERP-2.MB.FEB-FI
ERP-2.MB.FEB-FI;ERP-2.MB.FEB-TR
ERP-2.MB.OD-PA;ERP-2.MB.MM
ERP-2.MB.OD-PP;ERP-2.MB.FEB-CO
ERP-2.MB.OD-PP;ERP-2.MB.FEB-CO
ERP-2.MB.OD-PP;ERP-2.MB.FEB-CO
ERP-2.MB.OD-PP;ERP-2.MB.FEB-CO
ERP-2.MB.OD-PP;ERP-2.MB.FEB-CO
ERP-2.MB.SD;ERP-2.MB.FEB-FI
ERP-2.MB.FEB-FI;ERP-2.MB.FEB-TR
ERP-2.MB.MM-IM;ERP-2.INT.DMS
ERP-2.MB.FEB-CO;ERP-2.MB.OD-PP
ERP-2.MB.FEB-CO;ERP-2.MB.OD-PP
ERP-2.MB.FEB-FI;ERP-2.MB.SD
ERP-2.INT.DMS;ERP-2.MB.MM
ERP-2.INT.DMS;ERP-2.MB.SD
ERP-2.INT.DMS;ERP-2.MB.SD
ERP-2.INT.DMS;ERP-2.MB.SD
ERP-2.MB.OD-PA;ERP-2.MB.UD-PP
ERP-2.INT.DMS;ERP-2.MB.MM
ERP-2.MB.FEB-FI;ERP-2.MB.FEB-TR
ERP-2.MB.MM;ERP-2.MB.IM-PM
ERP-2.MB.MM;ERP-2.MB.IM-PM
ERP-2.MB.MM-IM;ERP-2.MB.FEB-FI
ERP-2.MB.SD;ERP-2.MB.FEB-FI
ERP-2.MB.SD;ERP-2.MB.FEB-FI
ERP-2.MB.MM;ERP-2.MB.OD-PP
ERP-2.MB.FEB-TR;ERP-2.MB.FEB-BPC
ERP-2.MB.SD;ERP-2.MB.FEB-FI
ERP-2.MB.FEB-FI;ERP-2.MB.SD
ERP-2.MB.FEB-TR;ERP-2.MB.FEB-FI
ERP-2.MB.FEB-TR;ERP-2.MB.FEB-FI
ERP-2.MB.FEB-TR;ERP-2.MB.FEB-FI
ERP-2.MB.FEB-TR;ERP-2.MB.FEB-FI
ERP-2.MB.FEB-TR;ERP-2.MB.FEB-FI
ERP-2.MB.IM-PM;ERP-2.MB.OD-PA
ERP-2.MB.MM-IM;ERP-2.MB.MM
ERP-2.MB.FEB-FI;ERP-2.MB.SD
ERP-2.MB.FEB-FI;ERP-2.MB.SD
ERP-2.MB.MM-IM;ERP-2.MB.MM
ERP-2.MB.FEB-BPC;ERP-2.MB.MM
ERP-2.MB.FEB-BPC;ERP-2.MB.MM
ERP-2.MB.FEB-BPC;ERP-2.MB.MM
ERP-2.MB.MM-IM;ERP-2.MB.FEB-FI
ERP-2.MB.SD;ERP-2.MB.FEB-FI
ERP-2.INT.DMS;ERP-2.INT.REFX
ERP-2.MB.FEB-FI;ERP-2.MB.FEB-BPC
ERP-2.MB.SD;ERP-2.MB.FEB-FI
ERP-2.MB.FEB-FI;ERP-2.INT.REFX
ERP-2.MB.FEB-FI;ERP-2.MB.FEB-TR
ERP-2.MB.FEB-BPC;ERP-2.MB.MM
ERP-2.MB.FEB-TR;ERP-2.MB.FEB-FI
ERP-2.MB.UD-PP;ERP-2.MB.IM-PM
ERP-2.MB.SD;ERP-2.MB.FEB-FI
ERP-2.MB.FEB-FI;ERP-2.MB.SD
ERP-2.MB.FEB-FI;ERP-2.MB.SD
ERP-2.INT.DMS;ERP-2.MB.FEB-TR
ERP-2.INT.DMS;ERP-2.MB.FEB-TR
ERP-2.INT.DMS;ERP-2.MB.FEB-TR
ERP-2.MB.OD-PA;ERP-2.MB.MM
ERP-2.MB.OD-PA;ERP-2.MB.FEB-CO
ERP-2.MB.OD-PA;ERP-2.MB.FEB-CO
ERP-2.MB.OD-PA;ERP-2.MB.FEB-CO
ERP-2.MB.OD-PA;ERP-2.MB.FEB-CO
ERP-2.MB.OD-PA;ERP-2.MB.FEB-CO
ERP-2.MB.MM;ERP-2.MB.FEB-TR
ERP-2.INT.DMS;ERP-2.INT.REFX
ERP-2.INT.DMS;ERP-2.INT.REFX
ERP-2.INT.DMS;ERP-2.INT.REFX
ERP-2.INT.DMS;ERP-2.INT.REFX
ERP-2.MB.FEB-FI;ERP-2.MB.FEB-TR
ERP-2.MB.FEB-FI;ERP-2.MB.MM
ERP-2.MB.OD-PA;ERP-2.MB.FEB-FI
ERP-2.MB.FEB-BPC;ERP-2.MB.MM
ERP-2.MB.FEB-BPC;ERP-2.MB.MM
ERP-2.MB.FEB-BPC;ERP-2.MB.MM
ERP-2.MB.FEB-BPC;ERP-2.MB.MM
ERP-2.MB.FEB-BPC;ERP-2.MB.MM
ERP-2.MB.SD;ERP-2.MB.FEB-FI
ERP-2.MB.FEB-CO;ERP-2.MB.FEB-FI
ERP-2.MB.FEB-CO;ERP-2.MB.FEB-FI
ERP-2.MB.FEB-CO;ERP-2.MB.FEB-FI
ERP-2.MB.FEB-CO;ERP-2.MB.FEB-FI
ERP-2.MB.FEB-CO;ERP-2.MB.FEB-FI
ERP-2.MB.FEB-CO;ERP-2.MB.FEB-FI
ERP-2.MB.FEB-CO;ERP-2.MB.FEB-FI
ERP-2.MB.FEB-CO;ERP-2.MB.FEB-FI
ERP-2.MB.FEB-CO;ERP-2.MB.FEB-FI
ERP-2.MB.FEB-CO;ERP-2.MB.FEB-FI
ERP-2.MB.FEB-CO;ERP-2.MB.FEB-FI
ERP-2.MB.FEB-CO;ERP-2.MB.FEB-FI
ERP-2.MB.FEB-CO;ERP-2.MB.FEB-FI
ERP-2.MB.FEB-CO;ERP-2.MB.FEB-FI
ERP-2.MB.FEB-CO;ERP-2.MB.FEB-FI
ERP-2.MB.FEB-CO;ERP-2.MB.FEB-FI
ERP-2.MB.FEB-CO;ERP-2.MB.FEB-FI
ERP-2.MB.FEB-CO;ERP-2.MB.FEB-FI
ERP-2.MB.FEB-CO;ERP-2.MB.FEB-FI
ERP-2.MB.FEB-CO;ERP-2.MB.FEB-FI
ERP-2.MB.FEB-CO;ERP-2.MB.FEB-FI
ERP-2.MB.FEB-CO;ERP-2.MB.FEB-FI
ERP-2.MB.FEB-CO;ERP-2.MB.FEB-FI
ERP-2.MB.FEB-CO;ERP-2.MB.FEB-FI
ERP-2.INT.DMS;ERP-2.MB.MM
ERP-2.INT.DMS;ERP-2.MB.FEB-TR
ERP-2.MB.MM;ERP-2.MB.MM-SRM
ERP-2.MB.MM;ERP-2.MB.UD-PP
ERP-2.MB.FEB-FI;ERP-2.MB.FEB-TR
ERP-2.MB.FEB-FI;ERP-2.MB.FEB-TR
ERP-2.MB.FEB-FI;ERP-2.MB.FEB-TR
ERP-2.MB.FEB-FI;ERP-2.MB.FEB-TR
ERP-2.MB.FEB-FI;ERP-2.MB.FEB-TR
ERP-2.MB.FEB-FI;ERP-2.MB.FEB-TR
ERP-2.MB.FEB-FI;ERP-2.MB.FEB-TR
ERP-2.MB.FEB-FI;ERP-2.MB.FEB-TR
ERP-2.MB.FEB-FI;ERP-2.MB.FEB-TR
ERP-2.MB.FEB-FI;ERP-2.MB.FEB-TR
ERP-2.MB.FEB-FI;ERP-2.MB.FEB-TR
ERP-2.MB.UD-PP;ERP-2.MB.FEB-FI
ERP-2.MB.IM-PM;ERP-2.MB.SD
ERP-2.MB.FEB-FI;ERP-2.INT.DMS
ERP-2.MB.FEB-FI;ERP-2.INT.DMS
ERP-2.INT.DMS;ERP-2.MB.SD
ERP-2.INT.DMS;ERP-2.MB.SD
ERP-2.INT.DMS;ERP-2.MB.SD
ERP-2.MB.FEB-FI;ERP-2.MB.IM-PM
ERP-2.MB.FEB-FI;ERP-2.MB.IM-PM
ERP-2.MB.FEB-FI;ERP-2.MB.IM-PM
ERP-2.MB.FEB-FI;ERP-2.MB.IM-PM
ERP-2.MB.FEB-FI;ERP-2.MB.IM-PM
ERP-2.MB.FEB-FI;ERP-2.MB.IM-PM
ERP-2.MB.FEB-FI;ERP-2.MB.FEB-CO
ERP-2.MB.FEB-FI;ERP-2.MB.FEB-CO
ERP-2.INT.DMS;ERP-2.MB.FEB-RISK
ERP-2.MB.SD;ERP-2.MB.FEB-TR
ERP-2.MB.SD;ERP-2.MB.FEB-TR
ERP-2.MB.FEB-TR;ERP-2.INT.DMS
ERP-2.MB.FEB-FI;ERP-2.MB.FEB-TR
ERP-2.MB.FEB-CO;ERP-2.MB.IM-PM
ERP-2.MB.FEB-CO;ERP-2.MB.IM-PM
ERP-2.MB.FEB-CO;ERP-2.MB.IM-PM
ERP-2.MB.FEB-TR;ERP-2.MB.FEB-FI
ERP-2.MB.FEB-TR;ERP-2.MB.FEB-FI
ERP-2.MB.FEB-FI;ERP-2.MB.FEB-TR
ERP-2.MB.FEB-FI;ERP-2.MB.SD
ERP-2.MB.FEB-FI;ERP-2.MB.SD
ERP-2.INT.DMS;ERP-2.MB.MM
ERP-2.INT.DMS;ERP-2.MB.SD
ERP-2.INT.DMS;ERP-2.MB.SD
ERP-2.MB.FEB-FI;ERP-2.MB.FEB-TR
ERP-2.MB.SD;ERP-2.MB.FEB-TR
ERP-2.MB.SD;ERP-2.MB.FEB-TR
ERP-2.MB.SD;ERP-2.MB.FEB-TR
ERP-2.MB.SD;ERP-2.MB.FEB-TR
ERP-2.MB.SD;ERP-2.MB.FEB-TR
ERP-2.MB.SD;ERP-2.MB.FEB-TR
ERP-2.MB.MM-IM;ERP-2.MB.MM
ERP-2.MB.MM-IM;ERP-2.MB.MM
ERP-2.MB.FEB-FI;ERP-2.MB.SD
ERP-2.MB.FEB-FI;ERP-2.MB.SD
ERP-2.INT.DMS;ERP-2.MB.MM
ERP-2.INT.DMS;ERP-2.MB.MM
ERP-2.INT.DMS;ERP-2.INT.REFX
ERP-2.MB.MM-IM;ERP-2.MB.FEB-FI
ERP-2.MB.FEB-FI;ERP-2.MB.FEB-TR
ERP-2.MB.FEB-CO;ERP-2.MB.IM-PM
ERP-2.MB.FEB-CO;ERP-2.MB.IM-PM
ERP-2.MB.FEB-CO;ERP-2.MB.IM-PM
ERP-2.MB.OD-PP;ERP-2.MB.FEB-FI
ERP-2.MB.MM;ERP-2.MB.UD-PP
ERP-2.MB.MM-IM;ERP-2.MB.MM
ERP-2.INT.DMS;ERP-2.MB.MM
ERP-2.INT.DMS;ERP-2.MB.MM
ERP-2.MB.MM-IM;ERP-2.MB.OP-PP
ERP-2.MB.MM-IM;ERP-2.MB.OP-PP
ERP-2.MB.MM-IM;ERP-2.MB.OP-PP
ERP-2.MB.MM-IM;ERP-2.MB.OP-PP
ERP-2.MB.MM-IM;ERP-2.MB.FEB-FI
ERP-2.MB.MM;ERP-2.MB.FEB-FI
ERP-2.MB.MM;ERP-2.MB.FEB-FI
ERP-2.INT.DMS;ERP-2.MB.FEB-TR
ERP-2.INT.DMS;ERP-2.MB.FEB-TR
ERP-2.INT.DMS;ERP-2.MB.FEB-TR
ERP-2.MB.FEB-RISK;ERP-2.INT.DMS
ERP-2.INT.DMS;ERP-2.MB.FEB-TR
ERP-2.INT.DMS;ERP-2.MB.FEB-TR
ERP-2.INT.DMS;ERP-2.MB.FEB-TR
ERP-2.MB.FEB-TR;ERP-2.MB.CG
ERP-2.MB.MM;ERP-2.MB.UD-PP
ERP-2.MB.OD-PP;ERP-2.MB.FEB-FI
ERP-2.MB.FEB-CO;ERP-2.MB.FEB-FI
ERP-2.MB.FEB-CO;ERP-2.MB.FEB-FI
ERP-2.MB.FEB-CO;ERP-2.MB.FEB-FI
ERP-2.MB.FEB-CO;ERP-2.MB.FEB-FI
ERP-2.MB.FEB-CO;ERP-2.MB.FEB-FI
ERP-2.MB.FEB-CO;ERP-2.MB.FEB-FI
ERP-2.MB.FEB-CO;ERP-2.MB.FEB-FI
ERP-2.MB.IM-PM;ERP-2.MB.OP-PP
ERP-2.MB.OD-PA;ERP-2.MB.MM
ERP-2.MB.FEB-FI;ERP-2.MB.FEB-TR
ERP-2.MB.FEB-FI;ERP-2.MB.FEB-TR
ERP-2.MB.FEB-FI;ERP-2.MB.FEB-TR
ERP-2.MB.FEB-FI;ERP-2.MB.FEB-TR
ERP-2.MB.FEB-FI;ERP-2.MB.FEB-TR
ERP-2.MB.FEB-FI;ERP-2.MB.FEB-TR
ERP-2.MB.FEB-FI;ERP-2.MB.FEB-TR
ERP-2.MB.FEB-FI;ERP-2.MB.FEB-TR
ERP-2.MB.FEB-FI;ERP-2.MB.FEB-TR
ERP-2.MB.FEB-FI;ERP-2.MB.FEB-TR
ERP-2.MB.FEB-FI;ERP-2.MB.FEB-TR
ERP-2.MB.FEB-FI;ERP-2.MB.FEB-TR
ERP-2.MB.FEB-FI;ERP-2.MB.FEB-TR
ERP-2.INT.DMS;ERP-2.MB.FEB-TR
ERP-2.INT.DMS;ERP-2.MB.FEB-TR
ERP-2.MB.IM-PM;ERP-2.MB.FEB-FI
ERP-2.MB.IM-PM;ERP-2.MB.FEB-FI
ERP-2.MB.FEB-TR;ERP-2.MB.CG
ERP-2.MB.MM-IM;ERP-2.MB.MM
ERP-2.MB.OP-PP;ERP-2.MB.FEB-FI
ERP-2.MB.FEB-BPC;ERP-2.MB.MM
ERP-2.MB.FEB-BPC;ERP-2.MB.MM
ERP-2.MB.FEB-BPC;ERP-2.MB.MM
ERP-2.MB.FEB-BPC;ERP-2.MB.MM
ERP-2.MB.FEB-BPC;ERP-2.MB.MM
ERP-2.MB.FEB-BPC;ERP-2.MB.MM
ERP-2.MB.FEB-BPC;ERP-2.MB.MM
ERP-2.MB.FEB-BPC;ERP-2.MB.MM
ERP-2.MB.FEB-BPC;ERP-2.MB.MM
ERP-2.MB.FEB-BPC;ERP-2.MB.MM
ERP-2.MB.FEB-BPC;ERP-2.MB.MM
ERP-2.MB.FEB-BPC;ERP-2.MB.MM
ERP-2.MB.FEB-BPC;ERP-2.MB.MM
ERP-2.MB.FEB-BPC;ERP-2.MB.MM
ERP-2.MB.FEB-BPC;ERP-2.MB.MM
ERP-2.MB.MM-IM;ERP-2.MB.MM
ERP-2.MB.MM-IM;ERP-2.MB.MM
ERP-2.MB.MM-IM;ERP-2.MB.MM
ERP-2.MB.UD-PP;ERP-2.MB.IM-PM
ERP-2.MB.UD-PP;ERP-2.MB.IM-PM
ERP-2.MB.UD-PP;ERP-2.MB.IM-PM
ERP-2.MB.UD-PP;ERP-2.MB.IM-PM
ERP-2.MB.FEB-FI;ERP-2.MB.FEB-TR
ERP-2.INT.REFX;ERP-2.MB.FEB-BPC
ERP-2.INT.REFX;ERP-2.MB.FEB-BPC
ERP-2.MB.MM;ERP-2.MB.OD-PA
ERP-2.MB.MM;ERP-2.MB.FEB-FI
ERP-2.MB.FEB-TR;ERP-2.MB.FEB-FI
ERP-2.MB.FEB-FI;ERP-2.MB.FEB-TR
ERP-2.MB.OD-PP;ERP-2.MB.MM
ERP-2.MB.MM-IM;ERP-2.MB.SD
ERP-2.MB.FEB-TR;ERP-2.MB.FEB-FI
ERP-2.MB.FEB-TR;ERP-2.MB.FEB-FI
ERP-2.MB.FEB-TR;ERP-2.MB.FEB-FI
ERP-2.MB.FEB-TR;ERP-2.MB.FEB-FI
ERP-2.MB.FEB-TR;ERP-2.MB.FEB-FI
ERP-2.MB.FEB-TR;ERP-2.MB.FEB-FI
ERP-2.MB.SD;ERP-2.MB.FEB-FI
ERP-2.MB.SD;ERP-2.INT.DMS
ERP-2.MB.FEB-FI;ERP-2.MB.SD
ERP-2.MB.FEB-FI;ERP-2.MB.SD
ERP-2.MB.FEB-FI;ERP-2.MB.SD
ERP-2.MB.MM;ERP-2.MB.SD
ERP-2.MB.MM;ERP-2.MB.SD
ERP-2.MB.MM-IM;ERP-2.MB.MM
ERP-2.MB.FEB-FI;ERP-2.MB.FEB-TR
ERP-2.INT.DMS;ERP-2.MB.SD
ERP-2.MB.MM;ERP-2.MB.OD-PA
ERP-2.MB.MM;ERP-2.MB.OD-PA
ERP-2.MB.FEB-FI;ERP-2.MB.FEB-TR
ERP-2.MB.FEB-FI;ERP-2.MB.FEB-TR
ERP-2.MB.MM;ERP-2.MB.FEB-FI
ERP-2.MB.MM-IM;ERP-2.MB.MM
ERP-2.MB.MM-IM;ERP-2.MB.MM
ERP-2.MB.MM-IM;ERP-2.MB.MM
ERP-2.MB.MM-IM;ERP-2.MB.FEB-FI
ERP-2.MB.OD-PA;ERP-2.MB.FEB-CO
ERP-2.MB.OD-PA;ERP-2.MB.FEB-CO
ERP-2.MB.OD-PA;ERP-2.MB.FEB-CO
ERP-2.MB.OD-PA;ERP-2.MB.FEB-CO
ERP-2.MB.OD-PA;ERP-2.MB.FEB-CO
ERP-2.MB.OD-PA;ERP-2.MB.FEB-CO
ERP-2.MB.FEB-CO;ERP-2.MB.FEB-FI
ERP-2.MB.FEB-CO;ERP-2.MB.FEB-FI
ERP-2.MB.FEB-CO;ERP-2.MB.FEB-FI
ERP-2.MB.FEB-CO;ERP-2.MB.FEB-FI
ERP-2.MB.FEB-CO;ERP-2.MB.FEB-FI
ERP-2.MB.FEB-CO;ERP-2.MB.FEB-FI
ERP-2.MB.FEB-CO;ERP-2.MB.FEB-FI
ERP-2.MB.FEB-CO;ERP-2.MB.FEB-FI
ERP-2.MB.FEB-CO;ERP-2.MB.FEB-FI
ERP-2.MB.FEB-CO;ERP-2.MB.FEB-FI
ERP-2.MB.FEB-CO;ERP-2.MB.FEB-FI
ERP-2.MB.FEB-CO;ERP-2.MB.FEB-FI
ERP-2.MB.FEB-CO;ERP-2.MB.FEB-FI
ERP-2.MB.FEB-CO;ERP-2.MB.FEB-FI
ERP-2.MB.FEB-CO;ERP-2.MB.FEB-FI
ERP-2.MB.FEB-CO;ERP-2.MB.FEB-FI
ERP-2.MB.FEB-CO;ERP-2.MB.FEB-FI
ERP-2.MB.FEB-CO;ERP-2.MB.FEB-FI
ERP-2.MB.FEB-CO;ERP-2.MB.FEB-FI
ERP-2.MB.FEB-CO;ERP-2.MB.FEB-FI
ERP-2.MB.FEB-CO;ERP-2.MB.FEB-FI
ERP-2.MB.FEB-CO;ERP-2.MB.FEB-FI
ERP-2.MB.FEB-CO;ERP-2.MB.FEB-FI
ERP-2.MB.FEB-CO;ERP-2.MB.FEB-FI
ERP-2.INT.DMS;ERP-2.MB.MM
ERP-2.MB.OD-PA;ERP-2.MB.IM-PM
ERP-2.MB.SD;ERP-2.MB.MM
ERP-2.MB.OD-PA;ERP-2.MB.MM
ERP-2.MB.FEB-FI;ERP-2.MB.SD
ERP-2.MB.FEB-FI;ERP-2.MB.SD
ERP-2.MB.FEB-FI;ERP-2.MB.SD
ERP-2.MB.FEB-FI;ERP-2.MB.SD
ERP-2.MB.FEB-FI;ERP-2.MB.FEB-TR
ERP-2.MB.FEB-FI;ERP-2.MB.FEB-CO
ERP-2.MB.IM-PM;ERP-2.MB.OP-PP
ERP-2.MB.MM-IM;ERP-2.MB.FEB-FI
ERP-2.MB.IM-PM;ERP-2.MB.MM
ERP-2.MB.SD;ERP-2.MB.FEB-FI
ERP-2.MB.FEB-TR;ERP-2.MB.FEB-BPC
ERP-2.MB.MM;ERP-2.MB.FEB-FI
ERP-2.INT.REFX;ERP-2.INT.DMS
ERP-2.INT.REFX;ERP-2.INT.DMS
ERP-2.MB.OD-PA;ERP-2.MB.FEB-CO
ERP-2.MB.OD-PA;ERP-2.MB.FEB-CO
ERP-2.MB.OD-PA;ERP-2.MB.FEB-CO
ERP-2.MB.OD-PA;ERP-2.MB.FEB-CO
ERP-2.MB.OD-PA;ERP-2.MB.FEB-CO
ERP-2.MB.FEB-FI;ERP-2.MB.FEB-CO
ERP-2.MB.FEB-FI;ERP-2.MB.FEB-CO
ERP-2.INT.DMS;ERP-2.MB.FEB-TR
ERP-2.MB.FEB-TR;ERP-2.MB.FEB-BPC
ERP-2.MB.FEB-CO;ERP-2.MB.OD-PA
ERP-2.MB.FEB-CO;ERP-2.MB.OD-PA
ERP-2.MB.FEB-CO;ERP-2.MB.OD-PA
ERP-2.MB.FEB-CO;ERP-2.MB.OD-PA
ERP-2.MB.FEB-CO;ERP-2.MB.OD-PA
ERP-2.MB.FEB-CO;ERP-2.MB.OD-PA
ERP-2.MB.FEB-CO;ERP-2.MB.OD-PA
ERP-2.MB.FEB-CO;ERP-2.MB.FEB-FI
ERP-2.MB.FEB-CO;ERP-2.MB.FEB-FI
ERP-2.MB.FEB-CO;ERP-2.MB.FEB-FI
ERP-2.MB.FEB-CO;ERP-2.MB.FEB-FI
ERP-2.MB.FEB-CO;ERP-2.MB.FEB-FI
ERP-2.MB.MM-IM;ERP-2.MB.MM
ERP-2.MB.IM-PM;ERP-2.MB.OD-PA
ERP-2.INT.REFX;ERP-2.INT.DMS
ERP-2.MB.FEB-FI;ERP-2.MB.SD
ERP-2.INT.DMS;ERP-2.MB.MM
ERP-2.MB.FEB-BPC;ERP-2.INT.REFX
ERP-2.INT.DMS;ERP-2.MB.FEB-RISK
ERP-2.MB.MM-IM;ERP-2.MB.FEB-FI
ERP-2.MB.FEB-FI;ERP-2.MB.FEB-TR
ERP-2.MB.MM;ERP-2.MB.UD-PP
ERP-2.MB.IM-PM;ERP-2.MB.MM
ERP-2.MB.IM-PM;ERP-2.MB.UD-PP
ERP-2.MB.MM-IM;ERP-2.MB.MM
ERP-2.MB.FEB-FI;ERP-2.MB.OD-PA
ERP-2.MB.MM;ERP-2.MB.OD-PA
ERP-2.MB.MM-IM;ERP-2.MB.MM
ERP-2.MB.MM-IM;ERP-2.MB.MM
ERP-2.MB.MM-IM;ERP-2.MB.MM
ERP-2.MB.CG;ERP-2.MB.FEB-TR
ERP-2.MB.FEB-CO;ERP-2.MB.FEB-BPC
ERP-2.MB.OP-PP;ERP-2.MB.IM-PM
ERP-2.MB.MM;ERP-2.INT.DMS
ERP-2.MB.FEB-FI;ERP-2.MB.IM-PM
ERP-2.MB.FEB-FI;ERP-2.MB.IM-PM
ERP-2.MB.OD-PA;ERP-2.MB.FEB-FI
ERP-2.MB.FEB-CO;ERP-2.MB.SD
ERP-2.INT.DMS;ERP-2.MB.SD
ERP-2.MB.SD;ERP-2.MB.FEB-FI
ERP-2.INT.DMS;ERP-2.MB.FEB-TR
ERP-2.MB.FEB-FI;ERP-2.MB.SD
ERP-2.MB.FEB-FI;ERP-2.MB.SD
ERP-2.MB.FEB-BPC;ERP-2.MB.MM
ERP-2.MB.FEB-FI;ERP-2.MB.FEB-TR
ERP-2.MB.FEB-TR;ERP-2.MB.FEB-FI
ERP-2.MB.FEB-TR;ERP-2.MB.FEB-FI
ERP-2.MB.OD-PA;ERP-2.MB.FEB-FI
ERP-2.MB.OD-PA;ERP-2.MB.FEB-FI
ERP-2.MB.OD-PA;ERP-2.MB.FEB-FI
ERP-2.MB.OD-PA;ERP-2.MB.FEB-FI
ERP-2.MB.FEB-FI;ERP-2.MB.FEB-TR
ERP-2.MB.MM-IM;ERP-2.MB.OP-PP
ERP-2.MB.MM-IM;ERP-2.MB.OP-PP
ERP-2.INT.DMS;ERP-2.MB.MM
ERP-2.INT.DMS;ERP-2.MB.MM
ERP-2.INT.DMS;ERP-2.MB.MM
ERP-2.MB.MM-IM;ERP-2.MB.MM
ERP-2.INT.DMS;ERP-2.MB.MM
ERP-2.MB.FEB-FI;ERP-2.MB.FEB-TR
ERP-2.MB.FEB-FI;ERP-2.MB.FEB-TR
ERP-2.MB.IM-PM;ERP-2.MB.FEB-FI
ERP-2.MB.IM-PM;ERP-2.MB.FEB-FI
ERP-2.MB.SD;ERP-2.MB.MM
ERP-2.MB.SD;ERP-2.MB.MM
ERP-2.MB.FEB-FI;ERP-2.MB.FEB-TR
ERP-2.MB.FEB-FI;ERP-2.MB.FEB-TR
ERP-2.MB.FEB-TR;ERP-2.MB.FEB-BPC
ERP-2.MB.MM-IM;ERP-2.MB.FEB-FI
ERP-2.MB.MM;ERP-2.MB.FEB-TR
ERP-2.MB.IM-PM;ERP-2.INT.REFX
ERP-2.MB.FEB-FI;ERP-2.MB.FEB-TR
ERP-2.MB.FEB-FI;ERP-2.MB.FEB-TR
ERP-2.MB.FEB-FI;ERP-2.MB.FEB-TR
ERP-2.MB.MM;ERP-2.INT.DMS
ERP-2.MB.SD;ERP-2.MB.FEB-FI
ERP-2.MB.SD;ERP-2.INT.DMS
ERP-2.MB.SD;ERP-2.INT.DMS
ERP-2.MB.SD;ERP-2.INT.DMS
ERP-2.MB.SD;ERP-2.INT.DMS
ERP-2.MB.SD;ERP-2.INT.DMS
ERP-2.MB.SD;ERP-2.INT.DMS
ERP-2.MB.OD-PA;ERP-2.MB.MM
ERP-2.MB.FEB-TR;ERP-2.INT.DMS
ERP-2.MB.SD;ERP-2.MB.FEB-FI
ERP-2.INT.DMS;ERP-2.MB.MM
ERP-2.MB.MM-IM;ERP-2.MB.MM
ERP-2.MB.MM-IM;ERP-2.MB.MM
ERP-2.MB.MM-IM;ERP-2.MB.MM
ERP-2.MB.FEB-TR;ERP-2.MB.FEB-FI
ERP-2.MB.FEB-TR;ERP-2.MB.FEB-FI
ERP-2.MB.FEB-TR;ERP-2.MB.FEB-FI
ERP-2.MB.FEB-TR;ERP-2.MB.FEB-FI
ERP-2.MB.SD;ERP-2.MB.FEB-FI
ERP-2.INT.DMS;ERP-2.MB.FEB-TR
ERP-2.MB.FEB-FI;ERP-2.MB.FEB-TR
ERP-2.MB.FEB-FI;ERP-2.MB.FEB-TR
ERP-2.MB.FEB-FI;ERP-2.MB.FEB-TR
ERP-2.MB.MM-IM;ERP-2.MB.OD-PP
ERP-2.MB.MM;ERP-2.MB.MM-SRM
ERP-2.MB.OD-PA;ERP-2.MB.FEB-FI
ERP-2.MB.OD-PA;ERP-2.MB.FEB-FI
ERP-2.MB.FEB-TR;ERP-2.MB.MM-SRM
ERP-2.MB.FEB-TR;ERP-2.MB.FEB-RISK
ERP-2.MB.OD-PA;ERP-2.MB.MM
ERP-2.MB.OD-PA;ERP-2.MB.MM
ERP-2.INT.DMS;ERP-2.MB.FEB-FI
ERP-2.INT.DMS;ERP-2.MB.FEB-FI
ERP-2.MB.SD;ERP-2.MB.FEB-TR
ERP-2.MB.FEB-TR;ERP-2.MB.FEB-BPC
ERP-2.MB.MM-IM;ERP-2.MB.MM
ERP-2.MB.FEB-FI;ERP-2.INT.REFX
ERP-2.INT.DMS;ERP-2.MB.MM
ERP-2.MB.FEB-CO;ERP-2.MB.FEB-FI
ERP-2.MB.FEB-CO;ERP-2.MB.FEB-FI
ERP-2.MB.FEB-FI;ERP-2.MB.FEB-TR
ERP-2.MB.FEB-FI;ERP-2.MB.FEB-TR
ERP-2.MB.SD;ERP-2.MB.FEB-FI
ERP-2.MB.MM-IM;ERP-2.MB.MM
ERP-2.MB.FEB-BPC;ERP-2.MB.MM
ERP-2.MB.FEB-BPC;ERP-2.MB.MM
ERP-2.MB.FEB-BPC;ERP-2.MB.MM
ERP-2.MB.FEB-BPC;ERP-2.MB.MM
ERP-2.MB.FEB-BPC;ERP-2.MB.MM
ERP-2.MB.SD;ERP-2.MB.FEB-FI
ERP-2.INT.REFX;ERP-2.MB.FEB-TR
ERP-2.MB.OD-PP;ERP-2.MB.MM
ERP-2.MB.OP-PP;ERP-2.MB.MM
ERP-2.MB.FEB-TR;ERP-2.MB.FEB-BPC
ERP-2.MB.FEB-TR;ERP-2.MB.FEB-BPC
ERP-2.MB.FEB-TR;ERP-2.MB.FEB-BPC
ERP-2.MB.FEB-TR;ERP-2.MB.FEB-BPC
ERP-2.MB.FEB-TR;ERP-2.MB.FEB-BPC
ERP-2.MB.UD-PP;ERP-2.MB.SD
ERP-2.MB.UD-PP;ERP-2.MB.SD
ERP-2.MB.SD;ERP-2.MB.FEB-FI
ERP-2.MB.MM-IM;ERP-2.INT.DMS
ERP-2.MB.MM-IM;ERP-2.MB.FEB-FI
ERP-2.MB.MM;ERP-2.MB.OD-PA
ERP-2.MB.MM-IM;ERP-2.MB.FEB-CO
ERP-2.MB.MM-IM;ERP-2.MB.FEB-CO
ERP-2.MB.MM-IM;ERP-2.MB.FEB-CO
ERP-2.MB.MM-IM;ERP-2.MB.FEB-CO
ERP-2.MB.MM-IM;ERP-2.MB.FEB-CO
ERP-2.MB.MM-IM;ERP-2.MB.FEB-CO
ERP-2.MB.MM-IM;ERP-2.MB.FEB-CO
ERP-2.MB.MM-IM;ERP-2.MB.FEB-CO
ERP-2.MB.MM-IM;ERP-2.MB.FEB-CO
ERP-2.MB.MM-IM;ERP-2.MB.FEB-CO
ERP-2.MB.MM;ERP-2.INT.DMS
ERP-2.MB.MM;ERP-2.INT.DMS
ERP-2.MB.OD-PA;ERP-2.MB.FEB-FI
ERP-2.MB.OD-PA;ERP-2.MB.FEB-FI
ERP-2.MB.OD-PA;ERP-2.MB.FEB-FI
ERP-2.MB.OD-PA;ERP-2.MB.FEB-FI
ERP-2.MB.MM;ERP-2.INT.DMS
ERP-2.INT.DMS;ERP-2.MB.MM
ERP-2.MB.OD-PA;ERP-2.MB.FEB-FI
ERP-2.MB.SD;ERP-2.MB.FEB-FI
ERP-2.INT.DMS;ERP-2.MB.FEB-TR
ERP-2.INT.DMS;ERP-2.MB.FEB-TR
ERP-2.INT.DMS;ERP-2.MB.FEB-TR
ERP-2.MB.FEB-FI;ERP-2.MB.FEB-TR
ERP-2.MB.FEB-FI;ERP-2.MB.FEB-TR
ERP-2.MB.FEB-FI;ERP-2.MB.FEB-TR
ERP-2.MB.FEB-FI;ERP-2.MB.FEB-TR
ERP-2.MB.FEB-FI;ERP-2.MB.FEB-TR
ERP-2.MB.FEB-FI;ERP-2.MB.FEB-TR
ERP-2.MB.FEB-FI;ERP-2.MB.FEB-TR
ERP-2.MB.FEB-FI;ERP-2.MB.FEB-TR
ERP-2.MB.FEB-FI;ERP-2.MB.FEB-TR
ERP-2.MB.FEB-FI;ERP-2.MB.FEB-TR
ERP-2.MB.FEB-FI;ERP-2.MB.FEB-TR
ERP-2.MB.FEB-FI;ERP-2.MB.FEB-TR
ERP-2.MB.FEB-FI;ERP-2.MB.FEB-TR
ERP-2.MB.FEB-FI;ERP-2.MB.FEB-TR
ERP-2.MB.FEB-FI;ERP-2.MB.FEB-TR
ERP-2.MB.FEB-FI;ERP-2.MB.FEB-TR
ERP-2.MB.FEB-FI;ERP-2.MB.FEB-TR
ERP-2.MB.IM-PM;ERP-2.MB.MM
ERP-2.INT.DMS;ERP-2.MB.FEB-FI
ERP-2.MB.FEB-FI;ERP-2.MB.FEB-TR
ERP-2.INT.REFX;ERP-2.MB.FEB-TR
ERP-2.INT.REFX;ERP-2.MB.FEB-TR
ERP-2.MB.MM-SRM;ERP-2.MB.MM
ERP-2.MB.FEB-FI;ERP-2.MB.FEB-TR
ERP-2.MB.UD-PP;ERP-2.MB.IM-PM
ERP-2.MB.OP-PP;ERP-2.MB.SD
ERP-2.MB.FEB-FI;ERP-2.MB.FEB-TR
ERP-2.MB.FEB-FI;ERP-2.MB.FEB-TR
ERP-2.MB.OD-PA;ERP-2.MB.FEB-FI
ERP-2.MB.OD-PA;ERP-2.MB.FEB-FI
ERP-2.MB.FEB-FI;ERP-2.INT.DMS
ERP-2.MB.IM-PM;ERP-2.MB.FEB-FI
ERP-2.MB.MM-IM;ERP-2.INT.DMS
ERP-2.MB.FEB-FI;ERP-2.MB.IM-PM
ERP-2.MB.FEB-FI;ERP-2.MB.SD
ERP-2.MB.OD-PP;ERP-2.MB.MM
ERP-2.MB.MM;ERP-2.INT.DMS
ERP-2.MB.FEB-FI;ERP-2.MB.FEB-CO
ERP-2.MB.FEB-FI;ERP-2.MB.FEB-CO
ERP-2.MB.FEB-FI;ERP-2.MB.FEB-CO
ERP-2.MB.FEB-FI;ERP-2.MB.FEB-CO
ERP-2.MB.FEB-FI;ERP-2.MB.FEB-CO
ERP-2.MB.FEB-FI;ERP-2.MB.FEB-TR
ERP-2.INT.DMS;ERP-2.MB.MM
ERP-2.INT.DMS;ERP-2.MB.MM
ERP-2.MB.FEB-FI;ERP-2.MB.FEB-TR
ERP-2.MB.FEB-FI;ERP-2.MB.FEB-TR
ERP-2.MB.FEB-FI;ERP-2.MB.FEB-TR
ERP-2.MB.FEB-FI;ERP-2.MB.FEB-TR
ERP-2.MB.FEB-FI;ERP-2.MB.FEB-TR
ERP-2.MB.FEB-FI;ERP-2.MB.FEB-TR
ERP-2.MB.FEB-FI;ERP-2.MB.FEB-TR
ERP-2.MB.FEB-FI;ERP-2.MB.FEB-TR
ERP-2.MB.FEB-FI;ERP-2.MB.FEB-TR
ERP-2.MB.FEB-FI;ERP-2.MB.FEB-TR
ERP-2.MB.FEB-TR;ERP-2.MB.FEB-FI
ERP-2.MB.FEB-TR;ERP-2.MB.FEB-FI
ERP-2.MB.FEB-FI;ERP-2.MB.FEB-TR
ERP-2.MB.MM;ERP-2.MB.OD-PA
ERP-2.MB.IM-PM;ERP-2.MB.UD-PP
ERP-2.MB.IM-PM;ERP-2.MB.UD-PP
ERP-2.INT.DMS;ERP-2.MB.SD
ERP-2.INT.DMS;ERP-2.MB.SD
ERP-2.INT.DMS;ERP-2.MB.SD
ERP-2.MB.FEB-BPC;ERP-2.MB.MM
ERP-2.MB.FEB-BPC;ERP-2.MB.MM
ERP-2.MB.FEB-BPC;ERP-2.MB.MM
ERP-2.MB.FEB-BPC;ERP-2.MB.MM
ERP-2.MB.FEB-BPC;ERP-2.MB.MM
ERP-2.MB.UD-PP;ERP-2.MB.IM-PM
ERP-2.MB.FEB-FI;ERP-2.MB.FEB-TR
ERP-2.MB.FEB-RISK;ERP-2.MB.FEB-TR
ERP-2.MB.FEB-RISK;ERP-2.MB.FEB-TR
ERP-2.MB.FEB-RISK;ERP-2.MB.FEB-TR
ERP-2.MB.MM-IM;ERP-2.MB.MM
ERP-2.MB.MM;ERP-2.MB.FEB-BPC
ERP-2.MB.MM;ERP-2.MB.FEB-BPC
ERP-2.MB.MM;ERP-2.MB.FEB-BPC
ERP-2.MB.MM;ERP-2.MB.FEB-BPC
ERP-2.MB.FEB-FI;ERP-2.MB.IM-PM
ERP-2.MB.SD;ERP-2.MB.FEB-FI
ERP-2.MB.SD;ERP-2.MB.FEB-FI
ERP-2.MB.SD;ERP-2.MB.FEB-FI
ERP-2.MB.MM;ERP-2.MB.OP-PP
ERP-2.MB.SD;ERP-2.MB.FEB-FI
ERP-2.MB.FEB-TR;ERP-2.MB.FEB-FI
ERP-2.MB.FEB-TR;ERP-2.MB.FEB-FI
ERP-2.MB.SD;ERP-2.MB.FEB-FI
ERP-2.MB.IM-PM;ERP-2.MB.OD-PA
ERP-2.MB.IM-PM;ERP-2.MB.OD-PA
ERP-2.MB.IM-PM;ERP-2.MB.OD-PA
ERP-2.MB.IM-PM;ERP-2.MB.OD-PA
ERP-2.MB.MM-IM;ERP-2.MB.MM
ERP-2.MB.MM-IM;ERP-2.MB.FEB-FI
ERP-2.MB.MM;ERP-2.INT.DMS
ERP-2.MB.FEB-BPC;ERP-2.MB.FEB-TR
ERP-2.MB.FEB-BPC;ERP-2.MB.FEB-TR
ERP-2.MB.FEB-BPC;ERP-2.MB.FEB-TR
ERP-2.MB.FEB-BPC;ERP-2.MB.FEB-TR
ERP-2.MB.FEB-BPC;ERP-2.MB.FEB-TR
ERP-2.MB.FEB-BPC;ERP-2.MB.FEB-TR
ERP-2.MB.FEB-BPC;ERP-2.MB.FEB-TR
ERP-2.MB.FEB-BPC;ERP-2.MB.FEB-TR
ERP-2.MB.FEB-BPC;ERP-2.MB.FEB-TR
ERP-2.MB.FEB-BPC;ERP-2.MB.FEB-TR
ERP-2.MB.FEB-BPC;ERP-2.MB.FEB-TR
ERP-2.MB.FEB-BPC;ERP-2.MB.FEB-TR
ERP-2.MB.MM-IM;ERP-2.MB.MM
ERP-2.MB.UD-PP;ERP-2.MB.MM
ERP-2.MB.OD-PA;ERP-2.MB.MM
ERP-2.MB.SD;ERP-2.MB.FEB-FI
ERP-2.MB.FEB-RISK;ERP-2.MB.FEB-TR
ERP-2.MB.FEB-RISK;ERP-2.MB.FEB-TR
ERP-2.MB.FEB-RISK;ERP-2.MB.FEB-TR
ERP-2.MB.SD;ERP-2.MB.FEB-FI
ERP-2.MB.FEB-BPC;ERP-2.MB.FEB-TR
ERP-2.MB.FEB-BPC;ERP-2.MB.FEB-TR
ERP-2.MB.FEB-BPC;ERP-2.MB.FEB-TR
ERP-2.MB.FEB-BPC;ERP-2.MB.FEB-TR
ERP-2.MB.SD;ERP-2.MB.FEB-TR
ERP-2.MB.FEB-FI;ERP-2.MB.OD-PA
ERP-2.MB.IM-PM;ERP-2.MB.FEB-FI
ERP-2.MB.MM;ERP-2.MB.OD-PA
ERP-2.MB.FEB-TR;ERP-2.MB.FEB-FI
ERP-2.MB.OD-PA;ERP-2.MB.FEB-FI
ERP-2.MB.MM-IM;ERP-2.INT.DMS
ERP-2.INT.DMS;ERP-2.MB.FEB-TR
ERP-2.INT.DMS;ERP-2.MB.FEB-TR
ERP-2.INT.DMS;ERP-2.MB.FEB-TR
ERP-2.MB.FEB-FI;ERP-2.MB.FEB-CO
ERP-2.MB.FEB-FI;ERP-2.MB.FEB-TR
ERP-2.MB.FEB-FI;ERP-2.MB.FEB-TR
ERP-2.MB.FEB-FI;ERP-2.MB.FEB-TR
ERP-2.MB.FEB-FI;ERP-2.MB.FEB-TR
ERP-2.MB.FEB-FI;ERP-2.MB.FEB-TR
ERP-2.MB.FEB-FI;ERP-2.MB.FEB-TR
ERP-2.MB.OD-PA;ERP-2.MB.FEB-FI
ERP-2.MB.OD-PA;ERP-2.MB.FEB-FI
ERP-2.INT.REFX;ERP-2.MB.FEB-BPC
ERP-2.INT.REFX;ERP-2.MB.FEB-BPC
ERP-2.INT.DMS;ERP-2.MB.SD
ERP-2.INT.DMS;ERP-2.MB.SD
ERP-2.INT.DMS;ERP-2.MB.SD
ERP-2.MB.OD-PP;ERP-2.MB.FEB-FI
ERP-2.MB.IM-PM;ERP-2.MB.SD
ERP-2.MB.FEB-FI;ERP-2.INT.REFX
ERP-2.MB.FEB-FI;ERP-2.INT.REFX
ERP-2.MB.FEB-FI;ERP-2.INT.REFX
ERP-2.MB.OD-PA;ERP-2.MB.FEB-FI
ERP-2.MB.MM;ERP-2.MB.UD-PP
ERP-2.MB.MM;ERP-2.MB.UD-PP
ERP-2.INT.DMS;ERP-2.MB.FEB-TR
ERP-2.INT.DMS;ERP-2.MB.FEB-TR
ERP-2.INT.DMS;ERP-2.MB.FEB-TR
ERP-2.MB.MM;ERP-2.INT.DMS
ERP-2.MB.MM;ERP-2.INT.DMS
ERP-2.INT.DMS;ERP-2.MB.FEB-TR
ERP-2.MB.OD-PA;ERP-2.MB.MM
ERP-2.MB.MM;ERP-2.MB.OP-PP
ERP-2.MB.IM-PM;ERP-2.MB.MM
ERP-2.MB.FEB-TR;ERP-2.MB.FEB-FI
ERP-2.MB.FEB-TR;ERP-2.MB.FEB-FI
ERP-2.MB.FEB-TR;ERP-2.MB.FEB-FI
ERP-2.MB.FEB-TR;ERP-2.MB.FEB-FI
ERP-2.MB.FEB-TR;ERP-2.MB.FEB-BPC
ERP-2.MB.FEB-TR;ERP-2.MB.FEB-BPC
ERP-2.MB.OD-PA;ERP-2.MB.IM-PM
ERP-2.MB.MM-IM;ERP-2.MB.MM
ERP-2.INT.DMS;ERP-2.MB.FEB-TR
ERP-2.MB.OD-PA;ERP-2.MB.FEB-CO
ERP-2.MB.OD-PA;ERP-2.MB.FEB-CO
ERP-2.MB.OD-PA;ERP-2.MB.FEB-CO
ERP-2.MB.OD-PA;ERP-2.MB.FEB-CO
ERP-2.MB.OD-PA;ERP-2.MB.FEB-CO
ERP-2.MB.MM-IM;ERP-2.MB.MM
ERP-2.MB.FEB-CO;ERP-2.MB.SD
ERP-2.MB.OD-PA;ERP-2.MB.MM
ERP-2.MB.MM-IM;ERP-2.MB.MM
ERP-2.MB.MM-IM;ERP-2.MB.MM
ERP-2.MB.OP-PP;ERP-2.MB.FEB-CO
ERP-2.MB.FEB-CO;ERP-2.MB.FEB-FI
ERP-2.MB.FEB-CO;ERP-2.MB.FEB-FI
ERP-2.MB.FEB-CO;ERP-2.MB.FEB-FI
ERP-2.MB.OD-PP;ERP-2.MB.FEB-FI
ERP-2.MB.MM;ERP-2.MB.OD-PA
ERP-2.MB.OD-PP;ERP-2.MB.MM
ERP-2.INT.DMS;ERP-2.MB.FEB-FI
ERP-2.MB.IM-PM;ERP-2.MB.FEB-BPC
ERP-2.MB.MM;ERP-2.MB.FEB-BPC
ERP-2.MB.MM;ERP-2.MB.FEB-BPC
ERP-2.MB.SD;ERP-2.MB.FEB-FI
ERP-2.MB.FEB-FI;ERP-2.MB.FEB-TR
ERP-2.MB.MM;ERP-2.MB.OD-PP
ERP-2.MB.FEB-FI;ERP-2.MB.FEB-TR
ERP-2.MB.FEB-FI;ERP-2.MB.FEB-CO
ERP-2.MB.FEB-FI;ERP-2.MB.FEB-CO
ERP-2.MB.FEB-FI;ERP-2.MB.FEB-CO
ERP-2.MB.FEB-FI;ERP-2.MB.FEB-CO
ERP-2.MB.FEB-FI;ERP-2.MB.FEB-CO
ERP-2.MB.FEB-FI;ERP-2.MB.FEB-CO
ERP-2.MB.MM-IM;ERP-2.MB.OP-PP
ERP-2.MB.MM-IM;ERP-2.MB.MM
ERP-2.MB.FEB-TR;ERP-2.INT.DMS
ERP-2.INT.DMS;ERP-2.MB.FEB-FI
ERP-2.MB.FEB-TR;ERP-2.INT.DMS
ERP-2.MB.FEB-TR;ERP-2.INT.DMS
ERP-2.INT.DMS;ERP-2.INT.REFX
ERP-2.INT.DMS;ERP-2.INT.REFX
ERP-2.MB.FEB-TR;ERP-2.MB.FEB-FI
ERP-2.MB.FEB-TR;ERP-2.MB.FEB-FI
ERP-2.MB.FEB-TR;ERP-2.MB.FEB-FI
ERP-2.MB.MM-IM;ERP-2.MB.MM
ERP-2.MB.MM-IM;ERP-2.MB.MM
ERP-2.MB.MM-IM;ERP-2.MB.MM
ERP-2.MB.FEB-TR;ERP-2.MB.FEB-FI
ERP-2.MB.FEB-TR;ERP-2.MB.FEB-FI
ERP-2.MB.SD;ERP-2.MB.FEB-FI
ERP-2.MB.OD-PP;ERP-2.MB.IM-PM
ERP-2.INT.DMS;ERP-2.MB.MM
ERP-2.MB.FEB-FI;ERP-2.MB.FEB-TR
ERP-2.INT.DMS;ERP-2.MB.MM
ERP-2.MB.MM-IM;ERP-2.MB.FEB-FI
ERP-2.MB.MM-IM;ERP-2.MB.FEB-FI
ERP-2.MB.FEB-FI;ERP-2.MB.FEB-TR
ERP-2.MB.FEB-FI;ERP-2.MB.FEB-TR
ERP-2.MB.FEB-FI;ERP-2.MB.FEB-TR
ERP-2.MB.MM;ERP-2.MB.OD-PP
ERP-2.MB.FEB-TR;ERP-2.MB.FEB-FI
ERP-2.MB.FEB-TR;ERP-2.MB.FEB-FI
ERP-2.MB.MM;ERP-2.MB.OP-PP
ERP-2.MB.FEB-FI;ERP-2.MB.FEB-TR
ERP-2.MB.FEB-FI;ERP-2.MB.FEB-TR
ERP-2.MB.UD-PP;ERP-2.MB.FEB-FI
ERP-2.MB.UD-PP;ERP-2.MB.FEB-FI
ERP-2.MB.MM;ERP-2.MB.OP-PP
ERP-2.MB.FEB-FI;ERP-2.MB.IM-PM
ERP-2.MB.FEB-FI;ERP-2.MB.FEB-CO
ERP-2.MB.FEB-FI;ERP-2.MB.FEB-CO
ERP-2.MB.MM;ERP-2.MB.OD-PA
ERP-2.MB.FEB-BPC;ERP-2.MB.MM
ERP-2.MB.FEB-BPC;ERP-2.MB.MM
ERP-2.MB.FEB-BPC;ERP-2.MB.MM
ERP-2.MB.FEB-BPC;ERP-2.MB.MM
ERP-2.MB.FEB-BPC;ERP-2.MB.MM
ERP-2.MB.FEB-BPC;ERP-2.MB.MM
ERP-2.MB.FEB-BPC;ERP-2.MB.MM
ERP-2.MB.FEB-BPC;ERP-2.MB.MM
ERP-2.MB.FEB-BPC;ERP-2.MB.MM
ERP-2.MB.FEB-BPC;ERP-2.MB.MM
ERP-2.MB.FEB-BPC;ERP-2.MB.MM
ERP-2.MB.FEB-BPC;ERP-2.MB.MM
ERP-2.MB.FEB-BPC;ERP-2.MB.MM
ERP-2.MB.FEB-BPC;ERP-2.MB.MM
ERP-2.MB.FEB-BPC;ERP-2.MB.MM
ERP-2.MB.OP-PP;ERP-2.MB.MM
ERP-2.MB.UD-PP;ERP-2.MB.IM-PM
ERP-2.MB.MM;ERP-2.MB.UD-PP
ERP-2.INT.DMS;ERP-2.MB.SD
ERP-2.MB.FEB-FI;ERP-2.MB.FEB-BPC
ERP-2.MB.FEB-RISK;ERP-2.MB.SD
ERP-2.MB.MM;ERP-2.MB.FEB-FI
ERP-2.MB.FEB-FI;ERP-2.MB.FEB-TR
ERP-2.MB.FEB-FI;ERP-2.MB.FEB-TR
ERP-2.MB.FEB-FI;ERP-2.INT.DMS
ERP-2.INT.DMS;ERP-2.MB.FEB-TR
ERP-2.INT.DMS;ERP-2.MB.FEB-TR
ERP-2.MB.MM;ERP-2.MB.SD
ERP-2.MB.SD;ERP-2.MB.FEB-FI
ERP-2.MB.FEB-TR;ERP-2.MB.FEB-FI
ERP-2.MB.FEB-RISK;ERP-2.INT.DMS
ERP-2.MB.IM-PM;ERP-2.INT.REFX
ERP-2.MB.FEB-BPC;ERP-2.MB.MM
ERP-2.MB.FEB-BPC;ERP-2.MB.MM
ERP-2.MB.FEB-BPC;ERP-2.MB.MM
ERP-2.MB.FEB-BPC;ERP-2.MB.MM
ERP-2.MB.FEB-BPC;ERP-2.MB.MM
ERP-2.MB.FEB-BPC;ERP-2.MB.MM
ERP-2.MB.IM-PM;ERP-2.MB.FEB-CO
ERP-2.MB.IM-PM;ERP-2.MB.FEB-CO
ERP-2.MB.MM-IM;ERP-2.MB.MM
ERP-2.MB.OD-PA;ERP-2.MB.MM
ERP-2.MB.MM-IM;ERP-2.MB.MM
ERP-2.INT.REFX;ERP-2.MB.FEB-TR
ERP-2.MB.FEB-CO;ERP-2.MB.IM-PM
ERP-2.MB.MM;ERP-2.INT.DMS
ERP-2.MB.MM;ERP-2.INT.DMS
ERP-2.MB.MM;ERP-2.INT.DMS
ERP-2.MB.FEB-TR;ERP-2.MB.FEB-FI
ERP-2.MB.FEB-TR;ERP-2.MB.FEB-FI
ERP-2.MB.FEB-FI;ERP-2.MB.FEB-CO
ERP-2.MB.FEB-FI;ERP-2.MB.FEB-CO
ERP-2.MB.FEB-FI;ERP-2.MB.FEB-CO
ERP-2.MB.FEB-FI;ERP-2.MB.FEB-CO
ERP-2.MB.FEB-FI;ERP-2.MB.FEB-CO
ERP-2.MB.SD;ERP-2.MB.FEB-FI
ERP-2.MB.FEB-FI;ERP-2.MB.IM-PM
ERP-2.INT.DMS;ERP-2.MB.MM
ERP-2.INT.DMS;ERP-2.MB.FEB-TR
ERP-2.MB.FEB-TR;ERP-2.MB.FEB-BPC
ERP-2.MB.FEB-TR;ERP-2.MB.FEB-BPC
ERP-2.MB.FEB-TR;ERP-2.MB.FEB-BPC
ERP-2.MB.SD;ERP-2.MB.FEB-TR
ERP-2.MB.SD;ERP-2.MB.FEB-TR
ERP-2.MB.IM-PM;ERP-2.MB.FEB-FI
ERP-2.MB.SD;ERP-2.MB.FEB-FI
ERP-2.INT.DMS;ERP-2.MB.SD
ERP-2.INT.DMS;ERP-2.MB.SD
ERP-2.INT.DMS;ERP-2.MB.SD
ERP-2.MB.FEB-FI;ERP-2.MB.FEB-TR
ERP-2.MB.OP-PP;ERP-2.MB.MM
ERP-2.MB.SD;ERP-2.MB.FEB-TR
ERP-2.MB.IM-PM;ERP-2.MB.UD-PP
ERP-2.MB.IM-PM;ERP-2.MB.UD-PP
ERP-2.INT.REFX;ERP-2.MB.FEB-TR
ERP-2.INT.REFX;ERP-2.MB.FEB-TR
ERP-2.MB.FEB-FI;ERP-2.MB.FEB-TR
ERP-2.MB.MM-IM;ERP-2.MB.MM
ERP-2.MB.FEB-FI;ERP-2.MB.FEB-CO
ERP-2.MB.FEB-FI;ERP-2.MB.FEB-CO
ERP-2.MB.FEB-FI;ERP-2.MB.FEB-CO
ERP-2.MB.FEB-FI;ERP-2.MB.FEB-CO
ERP-2.MB.FEB-FI;ERP-2.MB.FEB-CO
ERP-2.MB.FEB-FI;ERP-2.MB.FEB-CO
